﻿<?xml version="1.0" encoding="utf-8"?>
<deployment>
  <id>temp-48e15295</id>
  <author>N/A</author>
  <deployer />
  <authorEmail>N/A</authorEmail>
  <message>N/A</message>
  <progress />
  <status>Pending</status>
  <statusText>Receiving changes.</statusText>
  <lastSuccessEndTime />
  <receivedTime>2025-07-12T20:36:35.0308314Z</receivedTime>
  <startTime>2025-07-12T20:36:35.0308314Z</startTime>
  <endTime />
  <complete>False</complete>
  <is_temp>True</is_temp>
  <is_readonly>False</is_readonly>
  <buildSummary />
</deployment>