﻿<?xml version="1.0" encoding="utf-8"?>
<deployment>
  <id>5f01c296-1ded-474d-8222-d9d9fccb2693</id>
  <author>N/A</author>
  <deployer>Push-Deployer</deployer>
  <authorEmail>N/A</authorEmail>
  <message>Created via a push deployment</message>
  <progress></progress>
  <status>Failed</status>
  <statusText>Deployment has been stopped due to SCM container restart. The restart can happen due to a management operation on site. Do not perform a management operation and a deployment operation in quick succession. Adding a small delay can help avoid any conflicts.</statusText>
  <lastSuccessEndTime />
  <receivedTime>2025-07-12T20:02:42.4189831Z</receivedTime>
  <startTime>2025-07-12T20:02:43.8870932Z</startTime>
  <endTime>2025-07-12T20:10:29.3074854Z</endTime>
  <complete>True</complete>
  <is_temp>False</is_temp>
  <is_readonly>True</is_readonly>
  <buildSummary />
</deployment>