﻿<?xml version="1.0" encoding="utf-8"?>
<deployment>
  <id>d24f6c57-dc9d-4d59-b8cd-c51792f27dac</id>
  <author>N/A</author>
  <deployer>OneDeploy</deployer>
  <authorEmail>N/A</authorEmail>
  <message>OneDeploy</message>
  <progress></progress>
  <status>Success</status>
  <statusText></statusText>
  <lastSuccessEndTime>2025-07-12T23:26:55.3305085Z</lastSuccessEndTime>
  <receivedTime>2025-07-12T23:26:50.0554092Z</receivedTime>
  <startTime>2025-07-12T23:26:51.3014269Z</startTime>
  <endTime>2025-07-12T23:26:55.3305085Z</endTime>
  <complete>True</complete>
  <is_temp>False</is_temp>
  <is_readonly>True</is_readonly>
  <buildSummary />
</deployment>