<step title="Incoming Request" date="2025-07-12T23:26:46.032" instance="90f778" url="/api/publish?type=zip" method="POST" type="request" pid="768,1,16" Accept="*/*" Host="usime-ai-new.scm.azurewebsites.net" User-Agent="AZURECLI/2.75.0 (DEB)" Accept-Encoding="gzip, deflate" Authorization="Bas..." Cache-Control="no-cache" Content-Type="application/octet-stream" Cookie="ARRAffinity=90f7789cd4cc1d5a4fe2a8c0e9db0d4e3d0c73856fa77c2d8c30202608ce99f6; ARRAffinitySameSite=90f7789cd4cc1d5a4fe2a8c0e9db0d4e3d0c73856fa77c2d8c30202608ce99f6" Content-Length="661854" x-ms-client-request-id="a6575cf0-5f77-11f0-8bf2-40234353321b" x-ms-artifact-checksum="6377ca4e90e703f9c25c4c54ed9725c4575240fb0f8e6f631037c17ba079ed81" X-ARR-LOG-ID="a6575cf0-5f77-11f0-8bf2-40234353321b" CLIENT-IP="173.24.189.250:37476" X-SITE-DEPLOYMENT-ID="usime-ai-new" WAS-DEFAULT-HOSTNAME="usime-ai-new.scm.azurewebsites.net" X-Forwarded-Proto="https" X-AppService-Proto="https" X-Forwarded-TlsVersion="1.3" X-WAWS-Unencoded-URL="/api/publish?type=zip" X-Client-IP="173.24.189.250" X-Client-Port="37476" >
  <step title="OneDeploy" date="2025-07-12T23:26:46.042" >
    <step title="Starting PushDeployAsync" date="2025-07-12T23:26:46.050" /><!-- duration: 1ms -->
    <step title="Writing artifact to /tmp/zipdeploy/f8476f5b-c886-4102-a9c4-4de17116aad6.zip" date="2025-07-12T23:26:46.060" >
      <step title="Writing multipart request body to /tmp/zipdeploy/f8476f5b-c886-4102-a9c4-4de17116aad6.zip" date="2025-07-12T23:26:46.070" /><!-- duration: 3ms -->
    </step><!-- duration: 368ms -->
    <step title="Attempting to fetch target branch HEAD" date="2025-07-12T23:26:46.438" /><!-- duration: 2ms -->
    <step title="Acquiring Deployment Lock" date="2025-07-12T23:26:46.447" /><!-- duration: 3ms -->
    <step title="Acquired Deployment Lock" date="2025-07-12T23:26:46.503" /><!-- duration: 15ms -->
    <step title="Performing fetch based deployment" date="2025-07-12T23:26:46.523" >
      <step title="Creating temporary deployment" date="2025-07-12T23:26:46.529" /><!-- duration: 52ms -->
      <step title="Releasing Deployment Lock" date="2025-07-12T23:26:47.792" /><!-- duration: 9ms -->
      <step title="Cleaning up temp folders from previous zip deployments and extracting pushed zip file /tmp/zipdeploy/f8476f5b-c886-4102-a9c4-4de17116aad6.zip (0.63 MB) to /tmp/zipdeploy/extracted" date="2025-07-12T23:26:47.823" >
        <step title="ChmodRecursive Process exited with total time taken in ms: 51" date="2025-07-12T23:26:47.965" /><!-- duration: 8ms -->
      </step><!-- duration: 169ms -->
      <step title="None repository commit" date="2025-07-12T23:26:47.994" >
        <step title="Commit id: d24f6c57-dc9d-4d59-b8cd-c51792f27dac" date="2025-07-12T23:26:48.002" Message="OneDeploy" AuthorName="N/A" AuthorEmail="N/A" /><!-- duration: 1ms -->
      </step><!-- duration: 11ms -->
      <step title="Deployment timer started" date="2025-07-12T23:26:50.015" >
        <step title="DeploymentManager.Deploy(id:d24f6c57-dc9d-4d59-b8cd-c51792f27dac)" date="2025-07-12T23:26:50.019" >
          <step title="Collecting changeset information" date="2025-07-12T23:26:50.037" /><!-- duration: 64ms -->
          <step title="Updating submodules" date="2025-07-12T23:26:50.104" /><!-- duration: 1096ms -->
          <step title="Determining deployment builder" date="2025-07-12T23:26:51.340" >
            <step title="Builder is CustomGeneratorCommandSiteBuilder" date="2025-07-12T23:26:51.351" /><!-- duration: 1ms -->
          </step><!-- duration: 13ms -->
          <step title="PreDeployment: context.CleanOutputPath False" date="2025-07-12T23:26:51.392" >
            <step title="PreDeployment: context.OutputPath /home/site/wwwroot" date="2025-07-12T23:26:51.473" >
              <step title="Building" date="2025-07-12T23:26:51.576" >
                <step title="Executing external process" date="2025-07-12T23:26:51.793" type="process" path="starter.sh" arguments="/opt/Kudu/Scripts/parallel_rsync.sh /tmp/zipdeploy/extracted /home/site/wwwroot 8 /tmp/ False True  " /><!-- duration: 2957ms -->
                <step title="Modified file to trigger a restart of the app container." date="2025-07-12T23:26:55.020" /><!-- duration: 2ms -->
                <step title="Skip function trigger and logicapp sync because function is not enabled." date="2025-07-12T23:26:55.024" /><!-- duration: 5ms -->
              </step><!-- duration: 3931ms -->
            </step><!-- duration: 4037ms -->
            <step title="Cleaning up temp files" date="2025-07-12T23:26:55.511" /><!-- duration: 2ms -->
            <step title="Cleaning up temp files" date="2025-07-12T23:26:55.515" /><!-- duration: 503ms -->
            <step title="Reloading status file with latest updates" date="2025-07-12T23:26:56.045" >
              <step title="WebHooksManager.PublishEventAsync: PostDeployment" date="2025-07-12T23:26:56.053" /><!-- duration: 74ms -->
            </step><!-- duration: 83ms -->
            <step title="Cleaning up temporary deployment - fetch deployment was successful" date="2025-07-12T23:26:56.134" /><!-- duration: 1ms -->
          </step><!-- duration: 4800ms -->
        </step><!-- duration: 6176ms -->
        <step title="Outgoing response" date="2025-07-12T23:26:56.198" type="response" statusCode="200" statusText="OK" /><!-- duration: 1ms -->
      </step><!-- duration: 6185ms -->
