<step title="Incoming Request" date="2025-07-12T23:25:30.066" instance="90f778" url="/api/publish?type=zip" method="POST" type="request" pid="768,1,7" Accept="*/*" Host="usime-ai-new.scm.azurewebsites.net" User-Agent="AZURECLI/2.75.0 (DEB)" Accept-Encoding="gzip, deflate" Authorization="Bas..." Cache-Control="no-cache" Content-Type="application/octet-stream" Content-Length="98051467" x-ms-client-request-id="f6f940c0-5f76-11f0-8bf2-40234353321b" x-ms-artifact-checksum="337707a2047d650fc2e0f884097764bede3b1b7d3b27a9f5918f8c5e374e718a" X-ARR-LOG-ID="f6f940c0-5f76-11f0-8bf2-40234353321b" CLIENT-IP="173.24.189.250:38970" X-SITE-DEPLOYMENT-ID="usime-ai-new" WAS-DEFAULT-HOSTNAME="usime-ai-new.scm.azurewebsites.net" X-Forwarded-Proto="https" X-AppService-Proto="https" X-Forwarded-TlsVersion="1.3" X-WAWS-Unencoded-URL="/api/publish?type=zip" X-Client-IP="173.24.189.250" X-Client-Port="38970" >
  <step title="OneDeploy" date="2025-07-12T23:25:30.815" >
    <step title="None repository commit" date="2025-07-12T23:25:30.828" >
      <step title="Commit id: 2962f8a3-fe7d-4897-a461-6943f198f0e1" date="2025-07-12T23:25:30.829" Message="N/A" AuthorName="N/A" AuthorEmail="N/A" /><!-- duration: 2ms -->
    </step><!-- duration: 4ms -->
    <step title="Starting PushDeployAsync" date="2025-07-12T23:25:30.834" /><!-- duration: 2ms -->
    <step title="Writing artifact to /tmp/zipdeploy/ce009797-7780-47e6-8d87-46c0719e0103.zip" date="2025-07-12T23:25:30.841" >
      <step title="Writing multipart request body to /tmp/zipdeploy/ce009797-7780-47e6-8d87-46c0719e0103.zip" date="2025-07-12T23:25:30.844" /><!-- duration: 1ms -->
      <step title="Error occurred" date="2025-07-12T23:25:50.484" type="error" text="Exception in copying zip file to temp path. Exception: Microsoft.AspNetCore.Server.Kestrel.Core.BadHttpRequestException: Unexpected end of request content.
   at Microsoft.AspNetCore.Server.Kestrel.Core.Internal.Http.Http1ContentLengthMessageBody.ReadAsyncInternal(CancellationToken cancellationToken)
   at System.Runtime.CompilerServices.PoolingAsyncValueTaskMethodBuilder`1.StateMachineBox`1.System.Threading.Tasks.Sources.IValueTaskSource&lt;TResult&gt;.GetResult(Int16 token)
   at System.IO.Pipelines.PipeReader.CopyToAsyncCore[TStream](TStream destination, Func`4 writeAsync, CancellationToken cancellationToken)
   at Kudu.Services.Deployment.PushDeploymentController.CopyZipFromRequestBody(String artifactTempPath, ITracer tracer) in /tmp/KuduLite/Kudu.Services/Deployment/PushDeploymentController.cs:line 1473: Unexpected end of request content." stackTrace="   at Microsoft.AspNetCore.Server.Kestrel.Core.Internal.Http.Http1ContentLengthMessageBody.ReadAsyncInternal(CancellationToken cancellationToken)
   at System.Runtime.CompilerServices.PoolingAsyncValueTaskMethodBuilder`1.StateMachineBox`1.System.Threading.Tasks.Sources.IValueTaskSource&lt;TResult&gt;.GetResult(Int16 token)
   at System.IO.Pipelines.PipeReader.CopyToAsyncCore[TStream](TStream destination, Func`4 writeAsync, CancellationToken cancellationToken)
   at Kudu.Services.Deployment.PushDeploymentController.CopyZipFromRequestBody(String artifactTempPath, ITracer tracer) in /tmp/KuduLite/Kudu.Services/Deployment/PushDeploymentController.cs:line 1473" /><!-- duration: 10ms -->
    </step><!-- duration: 20203ms -->
    <step title="Error occurred" date="2025-07-12T23:25:51.048" type="error" text="Request was Aborted. Deployment was cancelled" /><!-- duration: 1ms -->
  </step><!-- duration: 20239ms -->
  <step title="Outgoing response" date="2025-07-12T23:25:51.107" type="response" statusCode="499" statusText="499" /><!-- duration: 7ms -->
</step><!-- duration: 21052ms -->
