<step title="Incoming Request" date="2025-07-12T23:27:40.907" instance="90f778" url="/api/publish?type=zip" method="POST" type="request" pid="768,1,22" Accept="*/*" Host="usime-ai-new.scm.azurewebsites.net" User-Agent="AZURECLI/2.75.0 (DEB)" Accept-Encoding="gzip, deflate" Authorization="Bas..." Cache-Control="no-cache" Content-Type="application/octet-stream" Cookie="ARRAffinity=90f7789cd4cc1d5a4fe2a8c0e9db0d4e3d0c73856fa77c2d8c30202608ce99f6; ARRAffinitySameSite=90f7789cd4cc1d5a4fe2a8c0e9db0d4e3d0c73856fa77c2d8c30202608ce99f6" Content-Length="661716" x-ms-client-request-id="c77af89c-5f77-11f0-8bf2-40234353321b" x-ms-artifact-checksum="f878790e474d2d0eff58092df7ccf94b9a647ced6ba2ff69aa97c7480821c6aa" X-ARR-LOG-ID="c77af89c-5f77-11f0-8bf2-40234353321b" CLIENT-IP="173.24.189.250:39736" X-SITE-DEPLOYMENT-ID="usime-ai-new" WAS-DEFAULT-HOSTNAME="usime-ai-new.scm.azurewebsites.net" X-Forwarded-Proto="https" X-AppService-Proto="https" X-Forwarded-TlsVersion="1.3" X-WAWS-Unencoded-URL="/api/publish?type=zip" X-Client-IP="173.24.189.250" X-Client-Port="39736" >
  <step title="OneDeploy" date="2025-07-12T23:27:41.045" >
    <step title="Starting PushDeployAsync" date="2025-07-12T23:27:41.065" /><!-- duration: 2ms -->
    <step title="Writing artifact to /tmp/zipdeploy/684fc4ad-366c-4a8c-a200-05f25467dc41.zip" date="2025-07-12T23:27:41.098" >
      <step title="Writing multipart request body to /tmp/zipdeploy/684fc4ad-366c-4a8c-a200-05f25467dc41.zip" date="2025-07-12T23:27:41.115" /><!-- duration: 2ms -->
    </step><!-- duration: 119ms -->
    <step title="Attempting to fetch target branch HEAD" date="2025-07-12T23:27:41.236" /><!-- duration: 10ms -->
    <step title="Acquiring Deployment Lock" date="2025-07-12T23:27:41.276" /><!-- duration: 21ms -->
    <step title="Acquired Deployment Lock" date="2025-07-12T23:27:41.359" /><!-- duration: 19ms -->
    <step title="Performing fetch based deployment" date="2025-07-12T23:27:41.438" >
      <step title="Creating temporary deployment" date="2025-07-12T23:27:41.447" /><!-- duration: 62ms -->
      <step title="Releasing Deployment Lock" date="2025-07-12T23:27:42.746" /><!-- duration: 72ms -->
      <step title="Cleaning up temp folders from previous zip deployments and extracting pushed zip file /tmp/zipdeploy/684fc4ad-366c-4a8c-a200-05f25467dc41.zip (0.63 MB) to /tmp/zipdeploy/extracted" date="2025-07-12T23:27:42.957" >
        <step title="ChmodRecursive Process exited with total time taken in ms: 362" date="2025-07-12T23:27:43.501" /><!-- duration: 18ms -->
      </step><!-- duration: 572ms -->
      <step title="None repository commit" date="2025-07-12T23:27:43.571" >
        <step title="Commit id: ee509ed7-fbfe-45bf-9c6d-f00ba2a000a7" date="2025-07-12T23:27:43.572" Message="OneDeploy" AuthorName="N/A" AuthorEmail="N/A" /><!-- duration: 9ms -->
      </step><!-- duration: 19ms -->
      <step title="Deployment timer started" date="2025-07-12T23:27:45.685" >
        <step title="DeploymentManager.Deploy(id:ee509ed7-fbfe-45bf-9c6d-f00ba2a000a7)" date="2025-07-12T23:27:45.735" >
          <step title="Collecting changeset information" date="2025-07-12T23:27:45.856" /><!-- duration: 330ms -->
          <step title="Updating submodules" date="2025-07-12T23:27:46.227" /><!-- duration: 1438ms -->
          <step title="Determining deployment builder" date="2025-07-12T23:27:48.297" >
            <step title="Builder is CustomGeneratorCommandSiteBuilder" date="2025-07-12T23:27:48.319" /><!-- duration: 28ms -->
          </step><!-- duration: 71ms -->
          <step title="PreDeployment: context.CleanOutputPath False" date="2025-07-12T23:27:48.501" >
            <step title="PreDeployment: context.OutputPath /home/site/wwwroot" date="2025-07-12T23:27:48.962" >
              <step title="Building" date="2025-07-12T23:27:49.314" >
                <step title="Executing external process" date="2025-07-12T23:27:50.116" type="process" path="starter.sh" arguments="/opt/Kudu/Scripts/parallel_rsync.sh /tmp/zipdeploy/extracted /home/site/wwwroot 8 /tmp/ False True  " /><!-- duration: 9955ms -->
                <step title="Modified file to trigger a restart of the app container." date="2025-07-12T23:28:00.463" /><!-- duration: 9ms -->
                <step title="Skip function trigger and logicapp sync because function is not enabled." date="2025-07-12T23:28:00.480" /><!-- duration: 2ms -->
              </step><!-- duration: 12013ms -->
            </step><!-- duration: 12416ms -->
            <step title="Cleaning up temp files" date="2025-07-12T23:28:01.416" /><!-- duration: 41ms -->
            <step title="Cleaning up temp files" date="2025-07-12T23:28:01.467" /><!-- duration: 543ms -->
            <step title="Reloading status file with latest updates" date="2025-07-12T23:28:02.080" >
              <step title="WebHooksManager.PublishEventAsync: PostDeployment" date="2025-07-12T23:28:02.109" /><!-- duration: 50ms -->
            </step><!-- duration: 139ms -->
            <step title="Cleaning up temporary deployment - fetch deployment was successful" date="2025-07-12T23:28:02.222" /><!-- duration: 28ms -->
          </step><!-- duration: 13832ms -->
        </step><!-- duration: 16606ms -->
        <step title="Outgoing response" date="2025-07-12T23:28:02.383" type="response" statusCode="200" statusText="OK" /><!-- duration: 17ms -->
      </step><!-- duration: 16717ms -->
