﻿<?xml version="1.0" encoding="utf-8"?>
<deployment>
  <id>bd07abffbb7480c11e46ee9c561f9b9b0da0edc5</id>
  <author>connorbrooks18</author>
  <deployer>$usime-ai</deployer>
  <authorEmail>connorbrooks18@icloud.com</authorEmail>
  <message>Trigger deploy with SCM build</message>
  <progress></progress>
  <status>Success</status>
  <statusText></statusText>
  <lastSuccessEndTime>2025-07-12T22:02:49.1168827Z</lastSuccessEndTime>
  <receivedTime>2025-07-12T22:02:32.8689777Z</receivedTime>
  <startTime>2025-07-12T22:02:40.1225894Z</startTime>
  <endTime>2025-07-12T22:02:49.1168827Z</endTime>
  <complete>True</complete>
  <is_temp>False</is_temp>
  <is_readonly>False</is_readonly>
  <buildSummary />
</deployment>