﻿<?xml version="1.0" encoding="utf-8"?>
<deployment>
  <id>9c389c13b4b3ee2b9a7358b68f2c9d64a770fff5</id>
  <author>connorbrooks18</author>
  <deployer>$usime-ai</deployer>
  <authorEmail>connorbrooks18@icloud.com</authorEmail>
  <message>Clean deployment with node_modules removed</message>
  <progress></progress>
  <status>Success</status>
  <statusText></statusText>
  <lastSuccessEndTime>2025-07-12T21:26:01.6982362Z</lastSuccessEndTime>
  <receivedTime>2025-07-12T21:11:22.370765Z</receivedTime>
  <startTime>2025-07-12T21:21:01.9446987Z</startTime>
  <endTime>2025-07-12T21:26:01.6982362Z</endTime>
  <complete>True</complete>
  <is_temp>False</is_temp>
  <is_readonly>False</is_readonly>
  <buildSummary />
</deployment>