<step title="Incoming Request" date="2025-07-12T23:07:16.553" instance="f07aec" url="/api/deployments/latest" method="GET" type="request" pid="768,1,5" Accept="*/*" Host="usime-ai.scm.azurewebsites.net" User-Agent="AZURECLI/2.75.0 (DEB)" Accept-Encoding="gzip, deflate" Authorization="Bas..." x-ms-client-request-id="c795dcf0-5f74-11f0-8bf2-40234353321b" X-ARR-LOG-ID="c795dcf0-5f74-11f0-8bf2-40234353321b" CLIENT-IP="173.24.189.250:41766" X-SITE-DEPLOYMENT-ID="usime-ai" WAS-DEFAULT-HOSTNAME="usime-ai.scm.azurewebsites.net" X-Forwarded-Proto="https" X-AppService-Proto="https" X-Forwarded-TlsVersion="1.3" X-WAWS-Unencoded-URL="/api/deployments/latest" X-Client-IP="173.24.189.250" X-Client-Port="41766" >
  <step title="Cleanup Xml Logs" date="2025-07-12T23:07:16.574" >
    <step title="Cleanup Infos" date="2025-07-12T23:07:16.746" totalFiles="200" totalCleanup="40" /><!-- duration: 38ms -->
  </step><!-- duration: 267ms -->
  <step title="DeploymentService.GetResult" date="2025-07-12T23:07:16.956" >
    <step title="DeploymentService.GetLatestDeployment" date="2025-07-12T23:07:16.994" >
      <step title="DeploymentManager.GetResults" date="2025-07-12T23:07:17.006" /><!-- duration: 2770ms -->
    </step><!-- duration: 2905ms -->
  </step><!-- duration: 3064ms -->
  <step title="Outgoing response" date="2025-07-12T23:07:20.110" type="response" statusCode="202" statusText="Accepted" /><!-- duration: 10ms -->
</step><!-- duration: 3687ms -->
