<step title="Executing external process" date="2025-07-12T22:22:38.692" instance="7c5d95" type="process" path="kudu.exe" arguments="/home/site /opt/Kudu/msbuild" >
  <step title="Cleanup Xml Logs" date="2025-07-12T22:22:38.815" /><!-- duration: 24ms -->
  <step title="Deployment timer started" date="2025-07-12T22:22:38.864" >
    <step title="Executing external process" date="2025-07-12T22:22:38.879" type="process" path="git" arguments="log -n 1 master --" /><!-- duration: 129ms -->
    <step title="DeploymentManager.Deploy(id:852a726ae6ecd97e59aed85f2a9a919a019d7603)" date="2025-07-12T22:22:39.018" >
      <step title="Collecting changeset information" date="2025-07-12T22:22:39.039" /><!-- duration: 441ms -->
      <step title="Updating to specific changeset" date="2025-07-12T22:22:39.563" >
        <step title="Executing external process" date="2025-07-12T22:22:40.751" type="process" path="git" arguments="checkout master --force" /><!-- duration: 2601ms -->
      </step><!-- duration: 3813ms -->
      <step title="Updating submodules" date="2025-07-12T22:22:43.391" /><!-- duration: 203ms -->
      <step title="Determining deployment builder" date="2025-07-12T22:22:43.871" >
        <step title="Builder is CustomGeneratorCommandSiteBuilder" date="2025-07-12T22:22:43.886" /><!-- duration: 11ms -->
      </step><!-- duration: 34ms -->
      <step title="PreDeployment: context.CleanOutputPath False" date="2025-07-12T22:22:43.995" >
        <step title="PreDeployment: context.OutputPath /home/site/wwwroot" date="2025-07-12T22:22:44.133" >
          <step title="Building" date="2025-07-12T22:22:44.304" >
            <step title="Executing external process" date="2025-07-12T22:22:44.848" type="process" path="starter.sh" arguments="/opt/Kudu/KuduConsole/Scripts/parallel_rsync.sh /home/site/repository /home/site/wwwroot 8 /tmp/ False True  " /><!-- duration: 8901ms -->
            <step title="Triggering recycle (preview mode disabled)." date="2025-07-12T22:22:54.130" /><!-- duration: 8ms -->
            <step title="Modified file to trigger a restart of the app container." date="2025-07-12T22:22:54.178" /><!-- duration: 6ms -->
            <step title="Skip function trigger and logicapp sync because function is not enabled." date="2025-07-12T22:22:54.523" /><!-- duration: 6ms -->
          </step><!-- duration: 11289ms -->
        </step><!-- duration: 11471ms -->
        <step title="Cleaning up temp files" date="2025-07-12T22:22:55.612" /><!-- duration: 11ms -->
        <step title="Cleaning up temp files" date="2025-07-12T22:22:55.629" /><!-- duration: 655ms -->
        <step title="Reloading status file with latest updates" date="2025-07-12T22:22:56.356" >
          <step title="WebHooksManager.PublishEventAsync: PostDeployment" date="2025-07-12T22:22:56.368" /><!-- duration: 124ms -->
        </step><!-- duration: 145ms -->
        <step title="Executing external process" date="2025-07-12T22:22:56.810" type="process" path="git" arguments="log -n 1 master --" /><!-- duration: 575ms -->
      </step><!-- duration: 13405ms -->
      <step title="Perform deploy exiting successfully" date="2025-07-12T22:22:57.407" 