<step title="Incoming Request" date="2025-07-12T23:08:14.235" instance="f07aec" url="/api/deployments/latest" method="GET" type="request" pid="768,1,19" Accept="*/*" Host="usime-ai.scm.azurewebsites.net" User-Agent="AZURECLI/2.75.0 (DEB)" Accept-Encoding="gzip, deflate" Authorization="Bas..." x-ms-client-request-id="c795dcf0-5f74-11f0-8bf2-40234353321b" X-ARR-LOG-ID="c795dcf0-5f74-11f0-8bf2-40234353321b" CLIENT-IP="173.24.189.250:38566" X-SITE-DEPLOYMENT-ID="usime-ai" WAS-DEFAULT-HOSTNAME="usime-ai.scm.azurewebsites.net" X-Forwarded-Proto="https" X-AppService-Proto="https" X-Forwarded-TlsVersion="1.3" X-WAWS-Unencoded-URL="/api/deployments/latest" X-Client-IP="173.24.189.250" X-Client-Port="38566" >
  <step title="Cleanup Xml Logs" date="2025-07-12T23:08:14.307" >
    <step title="Cleanup Infos" date="2025-07-12T23:08:14.527" totalFiles="209" totalCleanup="49" /><!-- duration: 119ms -->
  </step><!-- duration: 370ms -->
  <step title="DeploymentService.GetResult" date="2025-07-12T23:08:14.824" >
    <step title="DeploymentService.GetLatestDeployment" date="2025-07-12T23:08:14.852" >
      <step title="DeploymentManager.GetResults" date="2025-07-12T23:08:14.905" /><!-- duration: 1546ms -->
    </step><!-- duration: 1657ms -->
  </step><!-- duration: 1755ms -->
  <step title="Outgoing response" date="2025-07-12T23:08:16.609" type="response" statusCode="202" statusText="Accepted" /><!-- duration: 21ms -->
</step><!-- duration: 2414ms -->
