<step title="Incoming Request" date="2025-07-12T23:08:19.229" instance="f07aec" url="/api/deployments/latest" method="GET" type="request" pid="768,1,19" Accept="*/*" Host="usime-ai.scm.azurewebsites.net" User-Agent="AZURECLI/2.75.0 (DEB)" Accept-Encoding="gzip, deflate" Authorization="Bas..." x-ms-client-request-id="c795dcf0-5f74-11f0-8bf2-40234353321b" X-ARR-LOG-ID="c795dcf0-5f74-11f0-8bf2-40234353321b" CLIENT-IP="173.24.189.250:56306" X-SITE-DEPLOYMENT-ID="usime-ai" WAS-DEFAULT-HOSTNAME="usime-ai.scm.azurewebsites.net" X-Forwarded-Proto="https" X-AppService-Proto="https" X-Forwarded-TlsVersion="1.3" X-WAWS-Unencoded-URL="/api/deployments/latest" X-Client-IP="173.24.189.250" X-Client-Port="56306" >
  <step title="Cleanup Xml Logs" date="2025-07-12T23:08:19.267" >
    <step title="Cleanup Infos" date="2025-07-12T23:08:19.320" totalFiles="210" totalCleanup="50" /><!-- duration: 38ms -->
  </step><!-- duration: 112ms -->
  <step title="DeploymentService.GetResult" date="2025-07-12T23:08:19.441" >
    <step title="DeploymentService.GetLatestDeployment" date="2025-07-12T23:08:19.460" >
      <step title="DeploymentManager.GetResults" date="2025-07-12T23:08:19.490" /><!-- duration: 1856ms -->
    </step><!-- duration: 1945ms -->
  </step><!-- duration: 1993ms -->
  <step title="Outgoing response" date="2025-07-12T23:08:21.583" type="response" statusCode="202" statusText="Accepted" /><!-- duration: 20ms -->
</step><!-- duration: 2395ms -->
