<step title="Incoming Request" date="2025-07-12T23:08:56.462" instance="f07aec" url="/api/deployments/latest" method="GET" type="request" pid="768,1,5" Accept="*/*" Host="usime-ai.scm.azurewebsites.net" User-Agent="AZURECLI/2.75.0 (DEB)" Accept-Encoding="gzip, deflate" Authorization="Bas..." x-ms-client-request-id="c795dcf0-5f74-11f0-8bf2-40234353321b" X-ARR-LOG-ID="c795dcf0-5f74-11f0-8bf2-40234353321b" CLIENT-IP="173.24.189.250:46966" X-SITE-DEPLOYMENT-ID="usime-ai" WAS-DEFAULT-HOSTNAME="usime-ai.scm.azurewebsites.net" X-Forwarded-Proto="https" X-AppService-Proto="https" X-Forwarded-TlsVersion="1.3" X-WAWS-Unencoded-URL="/api/deployments/latest" X-Client-IP="173.24.189.250" X-Client-Port="46966" >
  <step title="Cleanup Xml Logs" date="2025-07-12T23:08:56.482" >
    <step title="Cleanup Infos" date="2025-07-12T23:08:56.518" totalFiles="217" totalCleanup="57" /><!-- duration: 62ms -->
  </step><!-- duration: 107ms -->
  <step title="DeploymentService.GetResult" date="2025-07-12T23:08:56.618" >
    <step title="DeploymentService.GetLatestDeployment" date="2025-07-12T23:08:56.638" >
      <step title="DeploymentManager.GetResults" date="2025-07-12T23:08:56.659" /><!-- duration: 1259ms -->
    </step><!-- duration: 1299ms -->
  </step><!-- duration: 1329ms -->
  <step title="Outgoing response" date="2025-07-12T23:08:57.988" type="response" statusCode="202" statusText="Accepted" /><!-- duration: 19ms -->
</step><!-- duration: 1556ms -->
