<step title="Incoming Request" date="2025-07-12T23:07:39.927" instance="f07aec" url="/api/deployments/latest" method="GET" type="request" pid="768,1,19" Accept="*/*" Host="usime-ai.scm.azurewebsites.net" User-Agent="AZURECLI/2.75.0 (DEB)" Accept-Encoding="gzip, deflate" Authorization="Bas..." x-ms-client-request-id="c795dcf0-5f74-11f0-8bf2-40234353321b" X-ARR-LOG-ID="c795dcf0-5f74-11f0-8bf2-40234353321b" CLIENT-IP="173.24.189.250:44794" X-SITE-DEPLOYMENT-ID="usime-ai" WAS-DEFAULT-HOSTNAME="usime-ai.scm.azurewebsites.net" X-Forwarded-Proto="https" X-AppService-Proto="https" X-Forwarded-TlsVersion="1.3" X-WAWS-Unencoded-URL="/api/deployments/latest" X-Client-IP="173.24.189.250" X-Client-Port="44794" >
  <step title="Cleanup Xml Logs" date="2025-07-12T23:07:39.959" >
    <step title="Cleanup Infos" date="2025-07-12T23:07:39.993" totalFiles="203" totalCleanup="43" /><!-- duration: 35ms -->
  </step><!-- duration: 100ms -->
  <step title="DeploymentService.GetResult" date="2025-07-12T23:07:40.223" >
    <step title="DeploymentService.GetLatestDeployment" date="2025-07-12T23:07:40.236" >
      <step title="DeploymentManager.GetResults" date="2025-07-12T23:07:40.276" /><!-- duration: 1890ms -->
    </step><!-- duration: 2008ms -->
  </step><!-- duration: 2044ms -->
  <step title="Outgoing response" date="2025-07-12T23:07:42.325" type="response" statusCode="202" statusText="Accepted" /><!-- duration: 20ms -->
</step><!-- duration: 2430ms -->
