<step title="Incoming Request" date="2025-07-12T23:08:52.550" instance="f07aec" url="/api/deployments/latest" method="GET" type="request" pid="768,1,5" Accept="*/*" Host="usime-ai.scm.azurewebsites.net" User-Agent="AZURECLI/2.75.0 (DEB)" Accept-Encoding="gzip, deflate" Authorization="Bas..." x-ms-client-request-id="c795dcf0-5f74-11f0-8bf2-40234353321b" X-ARR-LOG-ID="c795dcf0-5f74-11f0-8bf2-40234353321b" CLIENT-IP="173.24.189.250:50746" X-SITE-DEPLOYMENT-ID="usime-ai" WAS-DEFAULT-HOSTNAME="usime-ai.scm.azurewebsites.net" X-Forwarded-Proto="https" X-AppService-Proto="https" X-Forwarded-TlsVersion="1.3" X-WAWS-Unencoded-URL="/api/deployments/latest" X-Client-IP="173.24.189.250" X-Client-Port="50746" >
  <step title="Cleanup Xml Logs" date="2025-07-12T23:08:52.590" >
    <step title="Cleanup Infos" date="2025-07-12T23:08:52.640" totalFiles="216" totalCleanup="56" /><!-- duration: 13ms -->
  </step><!-- duration: 91ms -->
  <step title="DeploymentService.GetResult" date="2025-07-12T23:08:52.753" >
    <step title="DeploymentService.GetLatestDeployment" date="2025-07-12T23:08:52.771" >
      <step title="DeploymentManager.GetResults" date="2025-07-12T23:08:52.791" /><!-- duration: 1096ms -->
    </step><!-- duration: 1134ms -->
  </step><!-- duration: 1162ms -->
  <step title="Outgoing response" date="2025-07-12T23:08:53.934" type="response" statusCode="202" statusText="Accepted" /><!-- duration: 29ms -->
</step><!-- duration: 1434ms -->
