<step title="Incoming Request" date="2025-07-12T23:07:55.727" instance="f07aec" url="/api/deployments/latest" method="GET" type="request" pid="768,1,19" Accept="*/*" Host="usime-ai.scm.azurewebsites.net" User-Agent="AZURECLI/2.75.0 (DEB)" Accept-Encoding="gzip, deflate" Authorization="Bas..." x-ms-client-request-id="c795dcf0-5f74-11f0-8bf2-40234353321b" X-ARR-LOG-ID="c795dcf0-5f74-11f0-8bf2-40234353321b" CLIENT-IP="173.24.189.250:49502" X-SITE-DEPLOYMENT-ID="usime-ai" WAS-DEFAULT-HOSTNAME="usime-ai.scm.azurewebsites.net" X-Forwarded-Proto="https" X-AppService-Proto="https" X-Forwarded-TlsVersion="1.3" X-WAWS-Unencoded-URL="/api/deployments/latest" X-Client-IP="173.24.189.250" X-Client-Port="49502" >
  <step title="Cleanup Xml Logs" date="2025-07-12T23:07:55.749" >
    <step title="Cleanup Infos" date="2025-07-12T23:07:55.807" totalFiles="206" totalCleanup="46" /><!-- duration: 22ms -->
  </step><!-- duration: 102ms -->
  <step title="DeploymentService.GetResult" date="2025-07-12T23:07:55.898" >
    <step title="DeploymentService.GetLatestDeployment" date="2025-07-12T23:07:55.926" >
      <step title="DeploymentManager.GetResults" date="2025-07-12T23:07:55.947" /><!-- duration: 1667ms -->
    </step><!-- duration: 1737ms -->
  </step><!-- duration: 1787ms -->
  <step title="Outgoing response" date="2025-07-12T23:07:57.763" type="response" statusCode="202" statusText="Accepted" /><!-- duration: 23ms -->
</step><!-- duration: 2088ms -->
