<step title="Incoming Request" date="2025-07-12T23:08:07.834" instance="f07aec" url="/api/deployments/latest" method="GET" type="request" pid="768,1,19" Accept="*/*" Host="usime-ai.scm.azurewebsites.net" User-Agent="AZURECLI/2.75.0 (DEB)" Accept-Encoding="gzip, deflate" Authorization="Bas..." x-ms-client-request-id="c795dcf0-5f74-11f0-8bf2-40234353321b" X-ARR-LOG-ID="c795dcf0-5f74-11f0-8bf2-40234353321b" CLIENT-IP="173.24.189.250:38554" X-SITE-DEPLOYMENT-ID="usime-ai" WAS-DEFAULT-HOSTNAME="usime-ai.scm.azurewebsites.net" X-Forwarded-Proto="https" X-AppService-Proto="https" X-Forwarded-TlsVersion="1.3" X-WAWS-Unencoded-URL="/api/deployments/latest" X-Client-IP="173.24.189.250" X-Client-Port="38554" >
  <step title="Cleanup Xml Logs" date="2025-07-12T23:08:07.884" >
    <step title="Cleanup Infos" date="2025-07-12T23:08:08.036" totalFiles="208" totalCleanup="48" /><!-- duration: 130ms -->
  </step><!-- duration: 313ms -->
  <step title="DeploymentService.GetResult" date="2025-07-12T23:08:08.296" >
    <step title="DeploymentService.GetLatestDeployment" date="2025-07-12T23:08:08.336" >
      <step title="DeploymentManager.GetResults" date="2025-07-12T23:08:08.478" /><!-- duration: 2600ms -->
    </step><!-- duration: 2932ms -->
  </step><!-- duration: 3011ms -->
  <step title="Outgoing response" date="2025-07-12T23:08:11.330" type="response" statusCode="202" statusText="Accepted" /><!-- duration: 70ms -->
</step><!-- duration: 3604ms -->
