<step title="Incoming Request" date="2025-07-12T23:08:00.519" instance="f07aec" url="/api/deployments/latest" method="GET" type="request" pid="768,1,19" Accept="*/*" Host="usime-ai.scm.azurewebsites.net" User-Agent="AZURECLI/2.75.0 (DEB)" Accept-Encoding="gzip, deflate" Authorization="Bas..." x-ms-client-request-id="c795dcf0-5f74-11f0-8bf2-40234353321b" X-ARR-LOG-ID="c795dcf0-5f74-11f0-8bf2-40234353321b" CLIENT-IP="173.24.189.250:49512" X-SITE-DEPLOYMENT-ID="usime-ai" WAS-DEFAULT-HOSTNAME="usime-ai.scm.azurewebsites.net" X-Forwarded-Proto="https" X-AppService-Proto="https" X-Forwarded-TlsVersion="1.3" X-WAWS-Unencoded-URL="/api/deployments/latest" X-Client-IP="173.24.189.250" X-Client-Port="49512" >
  <step title="Cleanup Xml Logs" date="2025-07-12T23:08:00.644" >
    <step title="Cleanup Infos" date="2025-07-12T23:08:00.804" totalFiles="207" totalCleanup="47" /><!-- duration: 49ms -->
  </step><!-- duration: 240ms -->
  <step title="DeploymentService.GetResult" date="2025-07-12T23:08:01.114" >
    <step title="DeploymentService.GetLatestDeployment" date="2025-07-12T23:08:01.135" >
      <step title="DeploymentManager.GetResults" date="2025-07-12T23:08:01.174" /><!-- duration: 3218ms -->
    </step><!-- duration: 3358ms -->
  </step><!-- duration: 3467ms -->
  <step title="Outgoing response" date="2025-07-12T23:08:04.652" type="response" statusCode="202" statusText="Accepted" /><!-- duration: 80ms -->
</step><!-- duration: 4274ms -->
