<step title="Incoming Request" date="2025-07-12T23:07:35.167" instance="f07aec" url="/api/deployments/latest" method="GET" type="request" pid="768,1,19" Accept="*/*" Host="usime-ai.scm.azurewebsites.net" User-Agent="AZURECLI/2.75.0 (DEB)" Accept-Encoding="gzip, deflate" Authorization="Bas..." x-ms-client-request-id="c795dcf0-5f74-11f0-8bf2-40234353321b" X-ARR-LOG-ID="c795dcf0-5f74-11f0-8bf2-40234353321b" CLIENT-IP="173.24.189.250:47386" X-SITE-DEPLOYMENT-ID="usime-ai" WAS-DEFAULT-HOSTNAME="usime-ai.scm.azurewebsites.net" X-Forwarded-Proto="https" X-AppService-Proto="https" X-Forwarded-TlsVersion="1.3" X-WAWS-Unencoded-URL="/api/deployments/latest" X-Client-IP="173.24.189.250" X-Client-Port="47386" >
  <step title="Cleanup Xml Logs" date="2025-07-12T23:07:35.188" >
    <step title="Cleanup Infos" date="2025-07-12T23:07:35.279" totalFiles="202" totalCleanup="42" /><!-- duration: 58ms -->
  </step><!-- duration: 171ms -->
  <step title="DeploymentService.GetResult" date="2025-07-12T23:07:35.459" >
    <step title="DeploymentService.GetLatestDeployment" date="2025-07-12T23:07:35.497" >
      <step title="DeploymentManager.GetResults" date="2025-07-12T23:07:35.519" /><!-- duration: 1578ms -->
    </step><!-- duration: 1708ms -->
  </step><!-- duration: 1788ms -->
  <step title="Outgoing response" date="2025-07-12T23:07:37.305" type="response" statusCode="202" statusText="Accepted" /><!-- duration: 29ms -->
</step><!-- duration: 2190ms -->
