<step title="Incoming Request" date="2025-07-12T23:07:23.291" instance="f07aec" url="/api/deployments/latest" method="GET" type="request" pid="768,1,19" Accept="*/*" Host="usime-ai.scm.azurewebsites.net" User-Agent="AZURECLI/2.75.0 (DEB)" Accept-Encoding="gzip, deflate" Authorization="Bas..." x-ms-client-request-id="c795dcf0-5f74-11f0-8bf2-40234353321b" X-ARR-LOG-ID="c795dcf0-5f74-11f0-8bf2-40234353321b" CLIENT-IP="173.24.189.250:41772" X-SITE-DEPLOYMENT-ID="usime-ai" WAS-DEFAULT-HOSTNAME="usime-ai.scm.azurewebsites.net" X-Forwarded-Proto="https" X-AppService-Proto="https" X-Forwarded-TlsVersion="1.3" X-WAWS-Unencoded-URL="/api/deployments/latest" X-Client-IP="173.24.189.250" X-Client-Port="41772" >
  <step title="Cleanup Xml Logs" date="2025-07-12T23:07:23.390" >
    <step title="Cleanup Infos" date="2025-07-12T23:07:23.705" totalFiles="201" totalCleanup="41" /><!-- duration: 188ms -->
  </step><!-- duration: 526ms -->
  <step title="DeploymentService.GetResult" date="2025-07-12T23:07:24.296" >
    <step title="DeploymentService.GetLatestDeployment" date="2025-07-12T23:07:24.355" >
      <step title="DeploymentManager.GetResults" date="2025-07-12T23:07:24.454" /><!-- duration: 7443ms -->
    </step><!-- duration: 7721ms -->
  </step><!-- duration: 7842ms -->
  <step title="Outgoing response" date="2025-07-12T23:07:32.217" type="response" statusCode="202" statusText="Accepted" /><!-- duration: 130ms -->
</step><!-- duration: 9096ms -->
