<step title="Incoming Request" date="2025-07-12T23:06:11.510" instance="f07aec" url="/api/zipdeploy?isAsync=true" method="POST" type="request" pid="768,1,15" Accept="*/*" Host="usime-ai.scm.azurewebsites.net" User-Agent="AZURECLI/2.75.0 (DEB)" Accept-Encoding="gzip, deflate" Authorization="Bas..." Cache-Control="no-cache" Content-Type="application/octet-stream" Cookie="ARRAffinity=f07aec79734d8bf10f3fd4121c637821b5012b69243d980eeadb0c647194e673; ARRAffinitySameSite=f07aec79734d8bf10f3fd4121c637821b5012b69243d980eeadb0c647194e673" Content-Length="98051467" x-ms-client-request-id="c795dcf0-5f74-11f0-8bf2-40234353321b" x-ms-artifact-checksum="337707a2047d650fc2e0f884097764bede3b1b7d3b27a9f5918f8c5e374e718a" X-ARR-LOG-ID="c795dcf0-5f74-11f0-8bf2-40234353321b" CLIENT-IP="173.24.189.250:52176" X-SITE-DEPLOYMENT-ID="usime-ai" WAS-DEFAULT-HOSTNAME="usime-ai.scm.azurewebsites.net" X-Forwarded-Proto="https" X-AppService-Proto="https" X-Forwarded-TlsVersion="1.3" X-WAWS-Unencoded-URL="/api/zipdeploy?isAsync=true" X-Client-IP="173.24.189.250" X-Client-Port="52176" >
  <step title="ZipPushDeploy" date="2025-07-12T23:06:11.574" >
    <step title="ZipDeploy. Extract zip. Remote build." date="2025-07-12T23:06:11.588" /><!-- duration: 15ms -->
    <step title="None repository commit" date="2025-07-12T23:06:11.615" >
      <step title="Commit id: f0704310-3993-442f-9dce-ae82b0205ace" date="2025-07-12T23:06:11.620" Message="N/A" AuthorName="N/A" AuthorEmail="N/A" /><!-- duration: 4ms -->
    </step><!-- duration: 14ms -->
    <step title="Starting PushDeployAsync" date="2025-07-12T23:06:11.634" /><!-- duration: 5ms -->
    <step title="Writing artifact to /tmp/zipdeploy/d2f5768a-33e7-4b64-9ca0-6ce68a907e89.zip" date="2025-07-12T23:06:11.661" >
      <step title="Writing multipart request body to /tmp/zipdeploy/d2f5768a-33e7-4b64-9ca0-6ce68a907e89.zip" date="2025-07-12T23:06:11.675" /><!-- duration: 6ms -->
    </step><!-- duration: 38923ms -->
    <step title="Start deployment in the background" date="2025-07-12T23:06:50.706" >
      <step title="Acquiring Deployment Lock" date="2025-07-12T23:06:50.925" /><!-- duration: 60ms -->
      <step title="Acquired Deployment Lock" date="2025-07-12T23:06:51.464" /><!-- duration: 22ms -->
    </step><!-- duration: 1078ms -->
  </step><!-- duration: 40252ms -->
  <step title="Outgoing response" date="2025-07-12T23:06:51.924" type="response" statusCode="202" statusText="Accepted" /><!-- duration: 19ms -->
</step><!-- duration: 40452ms -->
