<step title="Incoming Request" date="2025-07-12T21:05:26.661" instance="7c5d95" url="/api/publish?type=zip" method="POST" type="request" pid="770,1,3" Accept="*/*" Host="usime-ai.scm.azurewebsites.net" User-Agent="AZURECLI/2.75.0 (DEB)" Accept-Encoding="gzip, deflate" Authorization="Bas..." Cache-Control="no-cache" Content-Type="application/octet-stream" Cookie="ARRAffinity=7c5d95e43cdb2ee7610273b357b1b2a004a2a2cede74f93245733dbaf8c302af; ARRAffinitySameSite=7c5d95e43cdb2ee7610273b357b1b2a004a2a2cede74f93245733dbaf8c302af" Content-Length="98030623" x-ms-client-request-id="dfa2fe2e-5f63-11f0-8bf2-40234353321b" x-ms-artifact-checksum="8fb23200840525b0385d883cc3daa8db406081f824f1fe9908dd7250e14543df" X-ARR-LOG-ID="dfa2fe2e-5f63-11f0-8bf2-40234353321b" CLIENT-IP="173.24.189.250:46744" X-SITE-DEPLOYMENT-ID="usime-ai" WAS-DEFAULT-HOSTNAME="usime-ai.scm.azurewebsites.net" X-Forwarded-Proto="https" X-AppService-Proto="https" X-Forwarded-TlsVersion="1.3" X-WAWS-Unencoded-URL="/api/publish?type=zip" X-Client-IP="173.24.189.250" X-Client-Port="46744" >
  <step title="OneDeploy" date="2025-07-12T21:05:26.691" >
    <step title="None repository commit" date="2025-07-12T21:05:26.707" >
      <step title="Commit id: f6d52aea-fddc-4c1a-8d69-9ef38ef7db73" date="2025-07-12T21:05:26.712" Message="N/A" AuthorName="N/A" AuthorEmail="N/A" /><!-- duration: 5ms -->
    </step><!-- duration: 14ms -->
    <step title="Starting PushDeployAsync" date="2025-07-12T21:05:26.727" /><!-- duration: 5ms -->
    <step title="Writing artifact to /tmp/zipdeploy/ae7c8153-09aa-4f6d-b24f-b144e6e9f455.zip" date="2025-07-12T21:05:26.747" >
      <step title="Writing multipart request body to /tmp/zipdeploy/ae7c8153-09aa-4f6d-b24f-b144e6e9f455.zip" date="2025-07-12T21:05:26.753" /><!-- duration: 5ms -->
    </step><!-- duration: 49711ms -->
    <step title="Attempting to fetch target branch HEAD" date="2025-07-12T21:06:16.556" /><!-- duration: 5ms -->
    <step title="Acquiring Deployment Lock" date="2025-07-12T21:06:16.567" /><!-- duration: 7ms -->
    <step title="Acquired Deployment Lock" date="2025-07-12T21:06:16.645" /><!-- duration: 5ms -->
    <step title="Performing fetch based deployment" date="2025-07-12T21:06:16.667" >
      <step title="Creating temporary deployment" date="2025-07-12T21:06:16.672" /><!-- duration: 65ms -->
      <step title="Releasing Deployment Lock" date="2025-07-12T21:06:17.909" /><!-- duration: 13ms -->
      <step title="Cleaning up temp folders from previous zip deployments and extracting pushed zip file /tmp/zipdeploy/ae7c8153-09aa-4f6d-b24f-b144e6e9f455.zip (93.49 MB) to /tmp/zipdeploy/extracted" date="2025-07-12T21:06:17.970" >
        <step title="ChmodRecursive Process exited with total time taken in ms: 850" date="2025-07-12T21:07:27.060" /><!-- duration: 17ms -->
      </step><!-- duration: 69131ms -->
      <step title="None repository commit" date="2025-07-12T21:07:27.108" >
        <step title="Commit id: f6d52aea-fddc-4c1a-8d69-9ef38ef7db73" date="2025-07-12T21:07:27.115" Message="OneDeploy" AuthorName="N/A" AuthorEmail="N/A" /><!-- duration: 8ms -->
      </step><!-- duration: 24ms -->
      <step title="Deployment timer started" date="2025-07-12T21:07:29.188" >
        <step title="DeploymentManager.Deploy(id:f6d52aea-fddc-4c1a-8d69-9ef38ef7db73)" date="2025-07-12T21:07:29.204" >
          <step title="Collecting changeset information" date="2025-07-12T21:07:29.230" /><!-- duration: 445ms -->
          <step title="Updating submodules" date="2025-07-12T21:07:29.686" /><!-- duration: 1151ms -->
          <step title="Determining deployment builder" date="2025-07-12T21:07:31.136" >
            <step title="Builder is CustomGeneratorCommandSiteBuilder" date="2025-07-12T21:07:31.150" /><!-- duration: 15ms -->
          </step><!-- duration: 35ms -->
          <step title="PreDeployment: context.CleanOutputPath False" date="2025-07-12T21:07:31.237" >
            <step title="PreDeployment: context.OutputPath /home/site/wwwroot" date="2025-07-12T21:07:31.390" >
              <step title="Building" date="2025-07-12T21:07:31.546" >
                <step title="Executing external process" date="2025-07-12T21:07:31.940" type="process" path="starter.sh" arguments="/opt/Kudu/Scripts/parallel_rsync.sh /tmp/zipdeploy/extracted /home/site/wwwroot 8 /tmp/ False True  " >
                  <step title="Cpu: rsync(909,0.270s)+rsync(892,0.950s)+rsync(881,1.340s)+bash(876,0.000s)+rsync(911,0.330s)+rsync(895,0.740s)+rsync(882,1.350s)+bash(877,0.000s)+rsync(907,0.290s)+rsync(898,1.000s)+rsync(880,1.430s)+bash(878,0.000s)+rsync(908,0.310s)+rsync(899,0.810s)+rsync(884,1.200s)+bash(879,0.000s)+rsync(906,0.300s)+rsync(896,0.720s)+rsync(886,1.290s)+bash(883,0.000s)+rsync(905,0.250s)+rsync(897,0.940s)+rsync(888,1.170s)+bash(885,0.000s)+rsync(910,0.700s)+rsync(894,0.880s)+rsync(890,2.100s)+bash(887,0.000s)+rsync(904,0.250s)+rsync(893,0.810s)+rsync(891,1.230s)+bash(889,0.000s)+xargs(875,0.000s)+parallel_rsync.sh(867,0.010s)=total(20.670s)" date="2025-07-12T21:08:33.385" /><!-- duration: 35ms -->
                  <step title="starter.sh: no io activity for 60s, prev-cpu=-1.000s, current-cpu=20.670s" date="2025-07-12T21:08:33.452" /><!-- duration: 8ms -->
                  <step title="Cpu: rsync(909,0.520s)+rsync(892,1.000s)+rsync(881,1.350s)+bash(876,0.000s)+rsync(911,0.590s)+rsync(895,0.740s)+rsync(882,1.400s)+bash(877,0.000s)+rsync(907,0.600s)+rsync(898,1.040s)+rsync(880,1.500s)+bash(878,0.000s)+rsync(908,0.590s)+rsync(899,0.870s)+rsync(884,1.250s)+bash(879,0.000s)+rsync(906,0.580s)+rsync(896,0.750s)+rsync(886,1.450s)+bash(883,0.000s)+rsync(905,0.530s)+rsync(897,0.970s)+rsync(888,1.240s)+bash(885,0.000s)+rsync(910,0.990s)+rsync(894,0.940s)+rsync(890,2.180s)+bash(887,0.000s)+rsync(904,0.520s)+rsync(893,0.890s)+rsync(891,1.410s)+bash(889,0.000s)+xargs(875,0.000s)+parallel_rsync.sh(867,0.010s)=total(23.910s)" date="2025-07-12T21:09:33.505" /><!-- duration: 40ms -->
                  <step title="starter.sh: no io activity for 121s, prev-cpu=20.670s, current-cpu=23.910s" date="2025-07-12T21:09:33.556" /><!-- duration: 16ms -->
                  <step title="Error occurred" date="2025-07-12T21:10:34.321" type="error" text="GetParentProcessLinux (962) failed.: Could not find a part of the path &apos;/proc/962/stat&apos;." stackTrace="   at Interop.ThrowExceptionForIoErrno(ErrorInfo errorInfo, String path, Boolean isDirError)
   at Microsoft.Win32.SafeHandles.SafeFileHandle.Open(String fullPath, FileMode mode, FileAccess access, FileShare share, FileOptions options, Int64 preallocationSize, UnixFileMode openPermissions, Int64&amp; fileLength, UnixFileMode&amp; filePermissions, Boolean failForSymlink, Boolean&amp; wasSymlink, Func`4 createOpenException)
   at System.IO.Strategies.OSFileStreamStrategy..ctor(String path, FileMode mode, FileAccess access, FileShare share, FileOptions options, Int64 preallocationSize, Nullable`1 unixCreateMode)
   at Kudu.Core.Infrastructure.ProcessExtensions.GetParentProcessLinux(Process process, ITracer tracer) in /tmp/KuduLite/Kudu.Core/Infrastructure/ProcessExtensions.cs:line 153" /><!-- duration: 20ms -->
                  <step title="Cpu: rsync(909,0.750s)+rsync(892,1.000s)+rsync(881,1.360s)+bash(876,0.000s)+rsync(911,0.840s)+rsync(895,0.740s)+rsync(882,1.410s)+bash(877,0.000s)+rsync(907,0.890s)+rsync(898,1.040s)+rsync(880,1.590s)+bash(878,0.000s)+rsync(908,0.880s)+rsync(899,0.870s)+rsync(884,1.350s)+bash(879,0.000s)+rsync(906,0.820s)+rsync(896,0.750s)+rsync(886,1.450s)+bash(883,0.000s)+rsync(905,0.830s)+rsync(897,1.010s)+rsync(888,1.310s)+bash(885,0.000s)+rsync(910,1.240s)+rsync(894,0.940s)+rsync(890,2.270s)+bash(887,0.000s)+rsync(904,0.770s)+rsync(893,0.890s)+rsync(891,1.410s)+bash(889,0.000s)+xargs(875,0.000s)+parallel_rsync.sh(867,0.010s)=total(26.420s)" date="2025-07-12T21:10:34.374" /><!-- duration: 8ms -->
                  <step title="starter.sh: no io activity for 181s, prev-cpu=23.910s, current-cpu=26.420s" date="2025-07-12T21:10:34.498" /><!-- duration: 14ms -->
                  <step title="Cpu: rsync(909,1.030s)+rsync(892,1.000s)+rsync(881,1.400s)+bash(876,0.000s)+rsync(911,1.090s)+rsync(895,0.740s)+rsync(882,1.590s)+bash(877,0.000s)+rsync(907,1.170s)+rsync(898,1.040s)+rsync(880,1.620s)+bash(878,0.000s)+rsync(908,1.210s)+rsync(899,0.870s)+rsync(884,1.400s)+bash(879,0.000s)+rsync(906,1.070s)+rsync(896,0.750s)+rsync(886,1.500s)+bash(883,0.000s)+rsync(905,1.130s)+rsync(897,1.010s)+rsync(888,1.400s)+bash(885,0.000s)+rsync(910,1.470s)+rsync(894,0.940s)+rsync(890,2.280s)+bash(887,0.000s)+rsync(904,1.010s)+rsync(893,0.890s)+rsync(891,1.410s)+bash(889,0.000s)+xargs(875,0.000s)+parallel_rsync.sh(867,0.010s)=total(29.030s)" date="2025-07-12T21:11:34.853" /><!-- duration: 22ms -->
                  <step title="starter.sh: no io activity for 242s, prev-cpu=26.420s, current-cpu=29.030s" date="2025-07-12T21:11:34.936" /><!-- duration: 11ms -->
                  <step title="Cpu: rsync(909,1.360s)+rsync(892,1.000s)+rsync(881,1.470s)+bash(876,0.000s)+rsync(911,1.410s)+rsync(895,0.740s)+rsync(882,1.590s)+bash(877,0.000s)+rsync(907,1.560s)+rsync(898,1.040s)+rsync(880,1.730s)+bash(878,0.000s)+rsync(908,1.570s)+rsync(899,0.870s)+rsync(884,1.520s)+bash(879,0.000s)+rsync(906,1.420s)+rsync(896,0.750s)+rsync(886,1.500s)+bash(883,0.000s)+rsync(905,1.520s)+rsync(897,1.010s)+rsync(888,1.450s)+bash(885,0.000s)+rsync(910,1.760s)+rsync(894,0.940s)+rsync(890,2.280s)+bash(887,0.000s)+rsync(904,1.330s)+rsync(893,0.890s)+rsync(891,1.640s)+bash(889,0.000s)+xargs(875,0.000s)+parallel_rsync.sh(867,0.010s)=total(32.360s)" date="2025-07-12T21:12:35.044" /><!-- duration: 34ms -->
                  <step title="starter.sh: no io activity for 302s, prev-cpu=29.030s, current-cpu=32.360s" date="2025-07-12T21:12:35.092" /><!-- duration: 15ms -->
                  <step title="Cpu: rsync(909,1.670s)+rsync(892,1.000s)+rsync(881,1.510s)+bash(876,0.000s)+rsync(911,1.640s)+rsync(895,0.740s)+rsync(882,1.590s)+bash(877,0.000s)+rsync(907,1.860s)+rsync(898,1.040s)+rsync(880,1.780s)+bash(878,0.000s)+rsync(908,1.860s)+rsync(899,0.870s)+rsync(884,1.600s)+bash(879,0.000s)+rsync(906,1.670s)+rsync(896,0.750s)+rsync(886,1.530s)+bash(883,0.000s)+rsync(905,1.830s)+rsync(897,1.010s)+rsync(888,1.500s)+bash(885,0.000s)+rsync(910,1.990s)+rsync(894,0.940s)+rsync(890,2.300s)+bash(887,0.000s)+rsync(904,1.560s)+rsync(893,0.890s)+rsync(891,1.700s)+bash(889,0.000s)+xargs(875,0.000s)+parallel_rsync.sh(867,0.010s)=total(34.830s)" date="2025-07-12T21:13:35.153" /><!-- duration: 26ms -->
                  <step title="starter.sh: no io activity for 362s, prev-cpu=32.360s, current-cpu=34.830s" date="2025-07-12T21:13:35.191" /><!-- duration: 7ms -->
                  <step title="Cpu: rsync(909,1.950s)+rsync(892,1.000s)+rsync(881,1.590s)+bash(876,0.000s)+rsync(911,1.870s)+rsync(895,0.740s)+rsync(882,1.610s)+bash(877,0.000s)+rsync(907,2.120s)+rsync(898,1.040s)+rsync(880,1.810s)+bash(878,0.000s)+rsync(908,2.110s)+rsync(899,0.870s)+rsync(884,1.660s)+bash(879,0.000s)+rsync(906,1.910s)+rsync(896,0.750s)+rsync(886,1.530s)+bash(883,0.000s)+rsync(905,2.070s)+rsync(897,1.010s)+rsync(888,1.600s)+bash(885,0.000s)+rsync(910,2.250s)+rsync(894,0.940s)+rsync(890,2.370s)+bash(887,0.000s)+rsync(904,1.790s)+rsync(893,0.890s)+rsync(891,1.700s)+bash(889,0.000s)+xargs(875,0.000s)+parallel_rsync.sh(867,0.010s)=total(37.190s)" date="2025-07-12T21:14:35.233" /><!-- duration: 29ms -->
                  <step title="starter.sh: no io activity for 423s, prev-cpu=34.830s, current-cpu=37.190s" date="2025-07-12T21:14:35.276" /><!-- duration: 23ms -->
                  <step title="Cpu: rsync(909,2.230s)+rsync(892,1.000s)+rsync(881,1.680s)+bash(876,0.000s)+rsync(911,2.110s)+rsync(895,0.740s)+rsync(882,1.640s)+bash(877,0.000s)+rsync(907,2.400s)+rsync(898,1.040s)+rsync(880,1.910s)+bash(878,0.000s)+rsync(908,2.360s)+rsync(899,0.870s)+rsync(884,1.720s)+bash(879,0.000s)+rsync(906,2.150s)+rsync(896,0.750s)+rsync(886,1.540s)+bash(883,0.000s)+rsync(905,2.380s)+rsync(897,1.010s)+rsync(888,1.700s)+bash(885,0.000s)+rsync(910,2.530s)+rsync(894,0.940s)+rsync(890,2.430s)+bash(887,0.000s)+rsync(904,2.020s)+rsync(893,0.890s)+rsync(891,1.700s)+bash(889,0.000s)+xargs(875,0.000s)+parallel_rsync.sh(867,0.010s)=total(39.750s)" date="2025-07-12T21:15:35.340" /><!-- duration: 36ms -->
                  <step title="starter.sh: no io activity for 483s, prev-cpu=37.190s, current-cpu=39.750s" date="2025-07-12T21:15:35.393" /><!-- duration: 11ms -->
                  <step title="Cpu: rsync(909,2.500s)+rsync(892,1.000s)+rsync(881,1.760s)+bash(876,0.000s)+rsync(911,2.350s)+rsync(895,0.740s)+rsync(882,1.680s)+bash(877,0.000s)+rsync(907,2.660s)+rsync(898,1.040s)+rsync(880,1.940s)+bash(878,0.000s)+rsync(908,2.570s)+rsync(899,0.870s)+rsync(884,1.720s)+bash(879,0.000s)+rsync(906,2.410s)+rsync(896,0.750s)+rsync(886,1.570s)+bash(883,0.000s)+rsync(905,2.640s)+rsync(897,1.010s)+rsync(888,1.770s)+bash(885,0.000s)+rsync(910,2.790s)+rsync(894,0.940s)+rsync(890,2.500s)+bash(887,0.000s)+rsync(904,2.290s)+rsync(893,0.890s)+rsync(891,1.770s)+bash(889,0.000s)+xargs(875,0.000s)+parallel_rsync.sh(867,0.010s)=total(42.170s)" date="2025-07-12T21:16:35.647" /><!-- duration: 25ms -->
                  <step title="starter.sh: no io activity for 543s, prev-cpu=39.750s, current-cpu=42.170s" date="2025-07-12T21:16:35.944" /><!-- duration: 22ms -->
                  <step title="Cpu: rsync(909,2.860s)+rsync(892,1.000s)+rsync(881,1.900s)+bash(876,0.000s)+rsync(911,2.710s)+rsync(895,0.740s)+rsync(882,1.690s)+bash(877,0.000s)+rsync(907,3.150s)+rsync(898,1.040s)+rsync(880,2.170s)+bash(878,0.000s)+rsync(908,3.170s)+rsync(899,0.870s)+rsync(884,2.170s)+bash(879,0.000s)+rsync(906,2.880s)+rsync(896,0.750s)+rsync(886,1.770s)+bash(883,0.000s)+rsync(905,3.250s)+rsync(897,1.010s)+rsync(888,2.280s)+bash(885,0.000s)+rsync(910,3.270s)+rsync(894,0.940s)+rsync(890,2.690s)+bash(887,0.000s)+rsync(904,2.700s)+rsync(893,0.890s)+rsync(891,1.880s)+bash(889,0.000s)+xargs(875,0.000s)+parallel_rsync.sh(867,0.010s)=total(47.780s)" date="2025-07-12T21:17:36.207" /><!-- duration: 33ms -->
                  <step title="starter.sh: no io activity for 603s, prev-cpu=42.170s, current-cpu=47.780s" date="2025-07-12T21:17:36.268" /><!-- duration: 13ms -->
                  <step title="Cpu: rsync(909,3.120s)+rsync(892,1.000s)+rsync(881,1.930s)+bash(876,0.000s)+rsync(911,2.950s)+rsync(895,0.740s)+rsync(882,1.690s)+bash(877,0.000s)+rsync(907,3.440s)+rsync(898,1.040s)+rsync(880,2.230s)+bash(878,0.000s)+rsync(908,3.440s)+rsync(899,0.870s)+rsync(884,2.240s)+bash(879,0.000s)+rsync(906,3.170s)+rsync(896,0.750s)+rsync(886,1.810s)+bash(883,0.000s)+rsync(905,3.490s)+rsync(897,1.010s)+rsync(888,2.290s)+bash(885,0.000s)+rsync(910,3.570s)+rsync(894,0.940s)+rsync(890,2.760s)+bash(887,0.000s)+rsync(904,2.990s)+rsync(893,0.890s)+rsync(891,1.950s)+bash(889,0.000s)+xargs(875,0.000s)+parallel_rsync.sh(867,0.010s)=total(50.320s)" date="2025-07-12T21:18:36.336" /><!-- duration: 9ms -->
                  <step title="starter.sh: no io activity for 664s, prev-cpu=47.780s, current-cpu=50.320s" date="2025-07-12T21:18:36.356" /><!-- duration: 33ms -->
                </step><!-- duration: 741382ms -->
                <step title="Modified file to trigger a restart of the app container." date="2025-07-12T21:19:55.322" /><!-- duration: 14ms -->
                <step title="Skip function trigger and logicapp sync because function is not enabled." date="2025-07-12T21:19:55.352" /><!-- duration: 12ms -->
                <step title="Purge deployment items" date="2025-07-12T21:19:56.578" >
                  <step title="Remove temp-4331, Pending, received at 07/12/2025 21:10:42" date="2025-07-12T21:19:56.658" /><!-- duration: 9ms -->
                  <step title="Remove temp-dcee, Pending, received at 07/12/2025 21:06:16" date="2025-07-12T21:19:56.750" /><!-- duration: 9ms -->
                  <step title="Remove temp-0ad6, Failed, received at 07/12/2025 21:02:26" date="2025-07-12T21:19:56.858" /><!-- duration: 10ms -->
                  <step title="Remove 38dedb310, Failed, received at 07/12/2025 20:36:35" date="2025-07-12T21:19:56.965" /><!-- duration: 9ms -->
                  <step title="Remove temp-48e1, Failed, received at 07/12/2025 20:36:35" date="2025-07-12T21:19:57.063" /><!-- duration: 11ms -->
                  <step title="Remove ca35ddab-, Failed, received at 07/12/2025 20:29:22" date="2025-07-12T21:19:57.202" /><!-- duration: 24ms -->
                  <step title="Remove temp-5692, Failed, received at 07/12/2025 20:28:50" date="2025-07-12T21:19:57.372" /><!-- duration: 10ms -->
                  <step title="Remove 5f01c296-, Failed, received at 07/12/2025 20:02:42" date="2025-07-12T21:19:57.480" /><!-- duration: 11ms -->
                  <step title="Remove temp-f0c4, Failed, received at 07/12/2025 20:01:51" date="2025-07-12T21:19:57.620" /><!-- duration: 12ms -->
                </step><!-- duration: 1067ms -->
              </step><!-- duration: 746185ms -->
            </step><!-- duration: 746356ms -->
            <step title="Cleaning up temp files" date="2025-07-12T21:19:57.755" /><!-- duration: 12ms -->
            <step title="Cleaning up temp files" date="2025-07-12T21:19:57.778" /><!-- duration: 537ms -->
            <step title="Reloading status file with latest updates" date="2025-07-12T21:19:58.387" >
              <step title="WebHooksManager.PublishEventAsync: PostDeployment" date="2025-07-12T21:19:58.399" /><!-- duration: 100ms -->
            </step><!-- duration: 125ms -->
            <step title="Cleaning up temporary deployment - fetch deployment was successful" date="2025-07-12T21:19:58.533" /><!-- duration: 10ms -->
          </step><!-- duration: 747393ms -->
        </step><!-- duration: 749445ms -->
        <step title="Outgoing response" date="2025-07-12T21:19:58.674" type="response" statusCode="200" statusText="OK" /><!-- duration: 9ms -->
      </step><!-- duration: 749507ms -->
