<step title="Incoming Request" date="2025-07-12T23:02:01.913" instance="f07aec" url="/api/zipdeploy?isAsync=true" method="POST" type="request" pid="770,1,17" Accept="*/*" Host="usime-ai.scm.azurewebsites.net" User-Agent="AZURECLI/2.75.0 (DEB)" Accept-Encoding="gzip, deflate" Authorization="Bas..." Cache-Control="no-cache" Content-Type="application/octet-stream" Cookie="ARRAffinity=f07aec79734d8bf10f3fd4121c637821b5012b69243d980eeadb0c647194e673; ARRAffinitySameSite=f07aec79734d8bf10f3fd4121c637821b5012b69243d980eeadb0c647194e673" Content-Length="98051467" x-ms-client-request-id="2f5d6ea8-5f74-11f0-8bf2-40234353321b" x-ms-artifact-checksum="337707a2047d650fc2e0f884097764bede3b1b7d3b27a9f5918f8c5e374e718a" X-ARR-LOG-ID="2f5d6ea8-5f74-11f0-8bf2-40234353321b" CLIENT-IP="173.24.189.250:52448" X-SITE-DEPLOYMENT-ID="usime-ai" WAS-DEFAULT-HOSTNAME="usime-ai.scm.azurewebsites.net" X-Forwarded-Proto="https" X-AppService-Proto="https" X-Forwarded-TlsVersion="1.3" X-WAWS-Unencoded-URL="/api/zipdeploy?isAsync=true" X-Client-IP="173.24.189.250" X-Client-Port="52448" >
  <step title="Cleanup Xml Logs" date="2025-07-12T23:02:01.953" /><!-- duration: 156ms -->
  <step title="ZipPushDeploy" date="2025-07-12T23:02:03.568" >
    <step title="ZipDeploy. Extract zip. Remote build." date="2025-07-12T23:02:04.337" /><!-- duration: 49ms -->
    <step title="None repository commit" date="2025-07-12T23:02:04.932" >
      <step title="Commit id: 0af70174-063a-4d79-bb3c-d096b45ecf84" date="2025-07-12T23:02:05.042" Message="N/A" AuthorName="N/A" AuthorEmail="N/A" /><!-- duration: 28ms -->
    </step><!-- duration: 168ms -->
    <step title="Starting PushDeployAsync" date="2025-07-12T23:02:05.129" /><!-- duration: 22ms -->
    <step title="Writing artifact to /tmp/zipdeploy/ebbf53eb-fe06-461d-b6ba-aad082426806.zip" date="2025-07-12T23:02:05.625" >
      <step title="Writing multipart request body to /tmp/zipdeploy/ebbf53eb-fe06-461d-b6ba-aad082426806.zip" date="2025-07-12T23:02:05.724" /><!-- duration: 68ms -->
    </step><!-- duration: 27282ms -->
    <step title="Start deployment in the background" date="2025-07-12T23:02:33.084" >
      <step title="Acquiring Deployment Lock" date="2025-07-12T23:02:33.339" /><!-- duration: 31ms -->
      <step title="Acquired Deployment Lock" date="2025-07-12T23:02:33.612" /><!-- duration: 11ms -->
    </step><!-- duration: 1014ms -->
  </step><!-- duration: 30720ms -->
  <step title="Outgoing response" date="2025-07-12T23:02:34.428" type="response" statusCode="202" statusText="Accepted" /><!-- duration: 11ms -->
</step><!-- duration: 32536ms -->
