<step title="Incoming Request" date="2025-07-12T23:09:05.203" instance="f07aec" url="/api/deployments/latest" method="GET" type="request" pid="768,1,18" Accept="*/*" Host="usime-ai.scm.azurewebsites.net" User-Agent="AZURECLI/2.75.0 (DEB)" Accept-Encoding="gzip, deflate" Authorization="Bas..." x-ms-client-request-id="c795dcf0-5f74-11f0-8bf2-40234353321b" X-ARR-LOG-ID="c795dcf0-5f74-11f0-8bf2-40234353321b" CLIENT-IP="173.24.189.250:46982" X-SITE-DEPLOYMENT-ID="usime-ai" WAS-DEFAULT-HOSTNAME="usime-ai.scm.azurewebsites.net" X-Forwarded-Proto="https" X-AppService-Proto="https" X-Forwarded-TlsVersion="1.3" X-WAWS-Unencoded-URL="/api/deployments/latest" X-Client-IP="173.24.189.250" X-Client-Port="46982" >
  <step title="Cleanup Xml Logs" date="2025-07-12T23:09:05.223" >
    <step title="Cleanup Infos" date="2025-07-12T23:09:05.286" totalFiles="219" totalCleanup="59" /><!-- duration: 30ms -->
  </step><!-- duration: 110ms -->
  <step title="DeploymentService.GetResult" date="2025-07-12T23:09:05.415" >
    <step title="DeploymentService.GetLatestDeployment" date="2025-07-12T23:09:05.426" >
      <step title="DeploymentManager.GetResults" date="2025-07-12T23:09:05.434" /><!-- duration: 1492ms -->
    </step><!-- duration: 1522ms -->
  </step><!-- duration: 1543ms -->
  <step title="Outgoing response" date="2025-07-12T23:09:06.979" type="response" statusCode="202" statusText="Accepted" /><!-- duration: 29ms -->
</step><!-- duration: 1836ms -->
