<step title="Incoming Request" date="2025-07-12T22:22:34.531" instance="7c5d95" url="/usime-ai.git/info/refs?service=git-receive-pack" method="GET" type="request" pid="768,1,15" Accept="*/*" Host="usime-ai.scm.azurewebsites.net" User-Agent="git/2.43.0" Accept-Encoding="deflate, gzip, br, zstd" Accept-Language="en-US, *;q=0.9" Authorization="Bas..." Pragma="no-cache" X-ARR-LOG-ID="76d2999d-7de3-49ee-92e9-4ca792fa170a" CLIENT-IP="173.24.189.250:44012" X-SITE-DEPLOYMENT-ID="usime-ai" WAS-DEFAULT-HOSTNAME="usime-ai.scm.azurewebsites.net" X-Forwarded-Proto="https" X-AppService-Proto="https" X-Forwarded-TlsVersion="1.3" X-WAWS-Unencoded-URL="/usime-ai.git/info/refs?service=git-receive-pack" X-Client-IP="173.24.189.250" X-Client-Port="44012" >
  <step title="Cleanup Xml Logs" date="2025-07-12T22:22:34.539" /><!-- duration: 33ms -->
  <step title="InfoRefsService.Execute" date="2025-07-12T22:22:34.655" >
    <step title="Executing external process" date="2025-07-12T22:22:34.695" type="process" path="git" arguments="rev-parse --git-dir" /><!-- duration: 136ms -->
    <step title="Assuming git repository at /home/site/repository" date="2025-07-12T22:22:34.840" /><!-- duration: 11ms -->
    <step title="InfoRefsService.SmartInfoRefs" date="2025-07-12T22:22:34.872" >
      <step title="Executing external process" date="2025-07-12T22:22:34.908" type="process" path="git" arguments="rev-parse --git-dir" /><!-- duration: 21ms -->
      <step title="Assuming git repository at /home/site/repository" date="2025-07-12T22:22:34.938" /><!-- duration: 14ms -->
      <step title="GitExeServer.AdvertiseReceivePack" date="2025-07-12T22:22:34.963" >
        <step title="Executing external process" date="2025-07-12T22:22:34.970" type="process" path="git" arguments="receive-pack --stateless-rpc --advertise-refs &quot;/home/site/repository&quot;" /><!-- duration: 109ms -->
      </step><!-- duration: 125ms -->
      <step title="Writing 279 bytes" date="2025-07-12T22:22:35.097" /><!-- duration: 6ms -->
    </step><!-- duration: 240ms -->
  </step><!-- duration: 464ms -->
  <step title="Outgoing response" date="2025-07-12T22:22:35.133" type="response" statusCode="200" statusText="OK" /><!-- duration: 8ms -->
</step><!-- duration: 617ms -->
