<step title="Incoming Request" date="2025-07-12T23:09:00.503" instance="f07aec" url="/api/deployments/latest" method="GET" type="request" pid="768,1,5" Accept="*/*" Host="usime-ai.scm.azurewebsites.net" User-Agent="AZURECLI/2.75.0 (DEB)" Accept-Encoding="gzip, deflate" Authorization="Bas..." x-ms-client-request-id="c795dcf0-5f74-11f0-8bf2-40234353321b" X-ARR-LOG-ID="c795dcf0-5f74-11f0-8bf2-40234353321b" CLIENT-IP="173.24.189.250:46972" X-SITE-DEPLOYMENT-ID="usime-ai" WAS-DEFAULT-HOSTNAME="usime-ai.scm.azurewebsites.net" X-Forwarded-Proto="https" X-AppService-Proto="https" X-Forwarded-TlsVersion="1.3" X-WAWS-Unencoded-URL="/api/deployments/latest" X-Client-IP="173.24.189.250" X-Client-Port="46972" >
  <step title="Cleanup Xml Logs" date="2025-07-12T23:09:00.522" >
    <step title="Cleanup Infos" date="2025-07-12T23:09:00.579" totalFiles="218" totalCleanup="58" /><!-- duration: 10ms -->
  </step><!-- duration: 79ms -->
  <step title="DeploymentService.GetResult" date="2025-07-12T23:09:01.035" >
    <step title="DeploymentService.GetLatestDeployment" date="2025-07-12T23:09:01.052" >
      <step title="DeploymentManager.GetResults" date="2025-07-12T23:09:01.064" /><!-- duration: 1472ms -->
    </step><!-- duration: 1511ms -->
  </step><!-- duration: 1536ms -->
  <step title="Outgoing response" date="2025-07-12T23:09:02.587" type="response" statusCode="202" statusText="Accepted" /><!-- duration: 18ms -->
</step><!-- duration: 2123ms -->
