<step title="Incoming Request" date="2025-07-12T23:07:49.581" instance="f07aec" url="/api/deployments/latest" method="GET" type="request" pid="768,1,19" Accept="*/*" Host="usime-ai.scm.azurewebsites.net" User-Agent="AZURECLI/2.75.0 (DEB)" Accept-Encoding="gzip, deflate" Authorization="Bas..." x-ms-client-request-id="c795dcf0-5f74-11f0-8bf2-40234353321b" X-ARR-LOG-ID="c795dcf0-5f74-11f0-8bf2-40234353321b" CLIENT-IP="173.24.189.250:41984" X-SITE-DEPLOYMENT-ID="usime-ai" WAS-DEFAULT-HOSTNAME="usime-ai.scm.azurewebsites.net" X-Forwarded-Proto="https" X-AppService-Proto="https" X-Forwarded-TlsVersion="1.3" X-WAWS-Unencoded-URL="/api/deployments/latest" X-Client-IP="173.24.189.250" X-Client-Port="41984" >
  <step title="Cleanup Xml Logs" date="2025-07-12T23:07:49.612" >
    <step title="Cleanup Infos" date="2025-07-12T23:07:49.701" totalFiles="205" totalCleanup="45" /><!-- duration: 98ms -->
  </step><!-- duration: 228ms -->
  <step title="DeploymentService.GetResult" date="2025-07-12T23:07:49.940" >
    <step title="DeploymentService.GetLatestDeployment" date="2025-07-12T23:07:49.980" >
      <step title="DeploymentManager.GetResults" date="2025-07-12T23:07:50.031" /><!-- duration: 2946ms -->
    </step><!-- duration: 3058ms -->
  </step><!-- duration: 3139ms -->
  <step title="Outgoing response" date="2025-07-12T23:07:53.129" type="response" statusCode="202" statusText="Accepted" /><!-- duration: 12ms -->
</step><!-- duration: 3677ms -->
