<step title="BackgroundTrace" date="2025-07-12T23:06:50.793" instance="f07aec" url="/api/zipdeploy" method="POST" >
  <step title="Cleanup Xml Logs" date="2025-07-12T23:06:50.817" /><!-- duration: 39ms -->
  <step title="Creating temporary deployment - FetchDeploymentManager" date="2025-07-12T23:06:51.513" /><!-- duration: 12ms -->
  <step title="Creating temporary deployment" date="2025-07-12T23:06:51.574" /><!-- duration: 176ms -->
  <step title="Performing fetch based deployment" date="2025-07-12T23:06:52.133" >
    <step title="Cleaning up temp folders from previous zip deployments and extracting pushed zip file /tmp/zipdeploy/d2f5768a-33e7-4b64-9ca0-6ce68a907e89.zip (93.51 MB) to /tmp/zipdeploy/extracted" date="2025-07-12T23:06:54.152" >
      <step title="ChmodRecursive Process exited with total time taken in ms: 668" date="2025-07-12T23:09:02.555" /><!-- duration: 12ms -->
    </step><!-- duration: 128473ms -->
    <step title="Deployment timer started" date="2025-07-12T23:09:04.880" >
      <step title="DeploymentManager.Deploy(id:f0704310-3993-442f-9dce-ae82b0205ace)" date="2025-07-12T23:09:04.953" >
        <step title="Collecting changeset information" date="2025-07-12T23:09:05.096" /><!-- duration: 361ms -->
        <step title="Updating submodules" date="2025-07-12T23:09:05.482" /><!-- duration: 1257ms -->
        <step title="Determining deployment builder" date="2025-07-12T23:09:07.762" >
          <step title="Builder is CustomGeneratorCommandSiteBuilder" date="2025-07-12T23:09:07.971" /><!-- duration: 68ms -->
        </step><!-- duration: 326ms -->
        <step title="PreDeployment: context.CleanOutputPath False" date="2025-07-12T23:09:08.569" >
          <step title="PreDeployment: context.OutputPath /home/site/wwwroot" date="2025-07-12T23:09:08.860" >
            <step title="Building" date="2025-07-12T23:09:09.233" >
              <step title="Executing external process" date="2025-07-12T23:09:10.423" type="process" path="starter.sh" arguments="/opt/Kudu/Scripts/parallel_rsync.sh /tmp/zipdeploy/extracted /home/site/wwwroot 8 /tmp/ False True  " >
                <step title="Cpu: rsync(901,0.170s)+rsync(882,0.390s)+rsync(869,2.280s)+bash(863,0.020s)+rsync(903,0.180s)+rsync(877,0.350s)+rsync(871,2.340s)+bash(864,0.020s)+rsync(897,0.200s)+rsync(879,0.410s)+rsync(868,1.970s)+bash(865,0.010s)+rsync(896,0.160s)+rsync(881,0.490s)+rsync(870,2.290s)+bash(866,0.000s)+rsync(895,0.300s)+rsync(883,0.460s)+rsync(873,2.180s)+bash(867,0.020s)+rsync(899,0.200s)+rsync(878,0.350s)+rsync(875,2.290s)+bash(872,0.000s)+rsync(898,0.140s)+rsync(884,0.420s)+rsync(880,1.940s)+bash(874,0.010s)+rsync(893,0.210s)+rsync(886,0.610s)+rsync(885,2.010s)+bash(876,0.010s)+xargs(862,0.000s)+parallel_rsync.sh(852,0.060s)=total(22.390s)" date="2025-07-12T23:10:25.491" /><!-- duration: 159ms -->
                <step title="starter.sh: no io activity for 61s, prev-cpu=-1.000s, current-cpu=22.390s" date="2025-07-12T23:10:25.689" /><!-- duration: 49ms -->
                <step title="Cpu: rsync(901,0.530s)+rsync(882,1.090s)+rsync(869,2.530s)+bash(863,0.020s)+rsync(903,0.540s)+rsync(877,1.000s)+rsync(871,2.650s)+bash(864,0.020s)+rsync(897,0.570s)+rsync(879,1.080s)+rsync(868,2.290s)+bash(865,0.010s)+rsync(896,0.450s)+rsync(881,0.980s)+rsync(870,2.370s)+bash(866,0.000s)+rsync(895,1.960s)+rsync(883,0.920s)+rsync(873,7.430s)+bash(867,0.020s)+rsync(899,0.480s)+rsync(878,1.090s)+rsync(875,2.440s)+bash(872,0.000s)+rsync(898,0.480s)+rsync(884,1.030s)+rsync(880,2.320s)+bash(874,0.010s)+rsync(893,0.520s)+rsync(886,1.080s)+rsync(885,2.170s)+bash(876,0.010s)+xargs(862,0.000s)+parallel_rsync.sh(852,0.060s)=total(38.150s)" date="2025-07-12T23:11:26.321" /><!-- duration: 36ms -->
                <step title="starter.sh: no io activity for 127s, prev-cpu=22.390s, current-cpu=38.150s" date="2025-07-12T23:11:26.383" /><!-- duration: 28ms -->
                <step title="Cpu: rsync(901,0.840s)+rsync(882,1.090s)+rsync(869,2.590s)+bash(863,0.020s)+rsync(903,0.910s)+rsync(877,1.040s)+rsync(871,2.820s)+bash(864,0.020s)+rsync(897,0.860s)+rsync(879,1.080s)+rsync(868,2.310s)+bash(865,0.010s)+rsync(896,0.760s)+rsync(881,0.980s)+rsync(870,2.370s)+bash(866,0.000s)+rsync(895,2.280s)+rsync(883,0.940s)+rsync(873,7.480s)+bash(867,0.020s)+rsync(899,0.810s)+rsync(878,1.090s)+rsync(875,2.500s)+bash(872,0.000s)+rsync(898,0.780s)+rsync(884,1.030s)+rsync(880,2.330s)+bash(874,0.010s)+rsync(893,0.750s)+rsync(886,1.080s)+rsync(885,2.170s)+bash(876,0.010s)+xargs(862,0.000s)+parallel_rsync.sh(852,0.060s)=total(41.040s)" date="2025-07-12T23:12:26.723" /><!-- duration: 3089ms -->
                <step title="starter.sh: no io activity for 187s, prev-cpu=38.150s, current-cpu=41.040s" date="2025-07-12T23:12:29.830" /><!-- duration: 21ms -->
                <step title="Cpu: rsync(901,1.100s)+rsync(882,1.090s)+rsync(869,2.740s)+bash(863,0.020s)+rsync(903,1.150s)+rsync(877,1.040s)+rsync(871,2.870s)+bash(864,0.020s)+rsync(897,1.080s)+rsync(879,1.080s)+rsync(868,2.310s)+bash(865,0.010s)+rsync(896,0.970s)+rsync(881,0.980s)+rsync(870,2.370s)+bash(866,0.000s)+rsync(895,2.500s)+rsync(883,0.940s)+rsync(873,7.490s)+bash(867,0.020s)+rsync(899,1.060s)+rsync(878,1.090s)+rsync(875,2.590s)+bash(872,0.000s)+rsync(898,0.990s)+rsync(884,1.030s)+rsync(880,2.330s)+bash(874,0.010s)+rsync(893,0.930s)+rsync(886,1.080s)+rsync(885,2.200s)+bash(876,0.010s)+xargs(862,0.000s)+parallel_rsync.sh(852,0.060s)=total(43.160s)" date="2025-07-12T23:13:29.935" /><!-- duration: 31ms -->
                <step title="starter.sh: no io activity for 250s, prev-cpu=41.040s, current-cpu=43.160s" date="2025-07-12T23:13:29.995" /><!-- duration: 49ms -->
                <step title="Cpu: rsync(901,1.350s)+rsync(882,1.090s)+rsync(869,2.770s)+bash(863,0.020s)+rsync(903,1.470s)+rsync(877,1.040s)+rsync(871,2.970s)+bash(864,0.020s)+rsync(897,1.310s)+rsync(879,1.080s)+rsync(868,2.380s)+bash(865,0.010s)+rsync(896,1.200s)+rsync(881,0.980s)+rsync(870,2.410s)+bash(866,0.000s)+rsync(895,2.760s)+rsync(883,0.940s)+rsync(873,7.630s)+bash(867,0.020s)+rsync(899,1.320s)+rsync(878,1.090s)+rsync(875,2.750s)+bash(872,0.000s)+rsync(898,1.220s)+rsync(884,1.030s)+rsync(880,2.340s)+bash(874,0.010s)+rsync(893,1.170s)+rsync(886,1.080s)+rsync(885,2.230s)+bash(876,0.010s)+xargs(862,0.000s)+parallel_rsync.sh(852,0.060s)=total(45.760s)" date="2025-07-12T23:14:30.140" /><!-- duration: 46ms -->
                <step title="starter.sh: no io activity for 311s, prev-cpu=43.160s, current-cpu=45.760s" date="2025-07-12T23:14:30.220" /><!-- duration: 20ms -->
