<step title="Incoming Request" date="2025-07-12T23:08:35.709" instance="f07aec" url="/api/deployments/latest" method="GET" type="request" pid="768,1,19" Accept="*/*" Host="usime-ai.scm.azurewebsites.net" User-Agent="AZURECLI/2.75.0 (DEB)" Accept-Encoding="gzip, deflate" Authorization="Bas..." x-ms-client-request-id="c795dcf0-5f74-11f0-8bf2-40234353321b" X-ARR-LOG-ID="c795dcf0-5f74-11f0-8bf2-40234353321b" CLIENT-IP="173.24.189.250:55016" X-SITE-DEPLOYMENT-ID="usime-ai" WAS-DEFAULT-HOSTNAME="usime-ai.scm.azurewebsites.net" X-Forwarded-Proto="https" X-AppService-Proto="https" X-Forwarded-TlsVersion="1.3" X-WAWS-Unencoded-URL="/api/deployments/latest" X-Client-IP="173.24.189.250" X-Client-Port="55016" >
  <step title="Cleanup Xml Logs" date="2025-07-12T23:08:35.797" >
    <step title="Cleanup Infos" date="2025-07-12T23:08:35.944" totalFiles="213" totalCleanup="53" /><!-- duration: 18ms -->
  </step><!-- duration: 216ms -->
  <step title="DeploymentService.GetResult" date="2025-07-12T23:08:36.183" >
    <step title="DeploymentService.GetLatestDeployment" date="2025-07-12T23:08:36.195" >
      <step title="DeploymentManager.GetResults" date="2025-07-12T23:08:36.234" /><!-- duration: 2415ms -->
    </step><!-- duration: 2583ms -->
  </step><!-- duration: 2647ms -->
  <step title="Outgoing response" date="2025-07-12T23:08:38.878" type="response" statusCode="202" statusText="Accepted" /><!-- duration: 69ms -->
</step><!-- duration: 3252ms -->
