﻿<?xml version="1.0" encoding="utf-8"?>
<deployment>
  <id>1c63b365-3e89-4201-9033-49a647ec7cb6</id>
  <author>N/A</author>
  <deployer>Push-Deployer</deployer>
  <authorEmail>N/A</authorEmail>
  <message>Created via a push deployment</message>
  <progress></progress>
  <status>Failed</status>
  <statusText>Deployment has been stopped due to SCM container restart. The restart can happen due to a management operation on site. Do not perform a management operation and a deployment operation in quick succession. Adding a small delay can help avoid any conflicts.</statusText>
  <lastSuccessEndTime />
  <receivedTime>2025-07-12T22:28:26.1106884Z</receivedTime>
  <startTime>2025-07-12T22:28:27.868299Z</startTime>
  <endTime>2025-07-12T22:34:19.5031061Z</endTime>
  <complete>True</complete>
  <is_temp>False</is_temp>
  <is_readonly>True</is_readonly>
  <buildSummary />
</deployment>