<step title="Incoming Request" date="2025-07-12T20:35:13.143" instance="7c5d95" url="/usime-ai.git/info/refs?service=git-receive-pack" method="GET" type="request" pid="768,1,14" Accept="*/*" Host="usime-ai.scm.azurewebsites.net" User-Agent="git/2.43.0" Accept-Encoding="deflate, gzip, br, zstd" Accept-Language="en-US, *;q=0.9" Authorization="Bas..." Pragma="no-cache" X-ARR-LOG-ID="441022a2-11b5-483e-8a59-71b01db45538" CLIENT-IP="173.24.189.250:55930" X-SITE-DEPLOYMENT-ID="usime-ai" WAS-DEFAULT-HOSTNAME="usime-ai.scm.azurewebsites.net" X-Forwarded-Proto="https" X-AppService-Proto="https" X-Forwarded-TlsVersion="1.3" X-WAWS-Unencoded-URL="/usime-ai.git/info/refs?service=git-receive-pack" X-Client-IP="173.24.189.250" X-Client-Port="55930" >
  <step title="Cleanup Xml Logs" date="2025-07-12T20:35:13.148" /><!-- duration: 12ms -->
  <step title="InfoRefsService.Execute" date="2025-07-12T20:35:13.197" >
    <step title="InfoRefsService.SmartInfoRefs" date="2025-07-12T20:35:13.213" >
      <step title="Acquiring Deployment Lock" date="2025-07-12T20:35:13.230" /><!-- duration: 5ms -->
      <step title="Acquired Deployment Lock" date="2025-07-12T20:35:13.275" /><!-- duration: 5ms -->
      <step title="GitExeServer.Initialize" date="2025-07-12T20:35:13.292" >
        <step title="GitExeRepository.Initialize" date="2025-07-12T20:35:13.306" >
          <step title="Executing external process" date="2025-07-12T20:35:13.312" type="process" path="git" arguments="init" /><!-- duration: 360ms -->
          <step title="Executing external process" date="2025-07-12T20:35:13.680" type="process" path="git" arguments="config core.autocrlf false" /><!-- duration: 40ms -->
          <step title="Executing external process" date="2025-07-12T20:35:13.728" type="process" path="git" arguments="config core.preloadindex true" /><!-- duration: 37ms -->
          <step title="Executing external process" date="2025-07-12T20:35:13.776" type="process" path="git" arguments="config user.name &quot;unknown&quot;" /><!-- duration: 33ms -->
          <step title="Executing external process" date="2025-07-12T20:35:13.817" type="process" path="git" arguments="config user.email &quot;unknown&quot;" /><!-- duration: 32ms -->
          <step title="Executing external process" date="2025-07-12T20:35:13.854" type="process" path="git" arguments="config filter.lfs.clean &quot;git-lfs clean %f&quot;" /><!-- duration: 32ms -->
          <step title="Executing external process" date="2025-07-12T20:35:13.893" type="process" path="git" arguments="config filter.lfs.smudge &quot;git-lfs smudge %f&quot;" /><!-- duration: 33ms -->
          <step title="Executing external process" date="2025-07-12T20:35:13.930" type="process" path="git" arguments="config filter.lfs.required true" /><!-- duration: 29ms -->
          <step title="Configure git server" date="2025-07-12T20:35:13.966" >
            <step title="Executing external process" date="2025-07-12T20:35:13.972" type="process" path="git" arguments="config receive.denyCurrentBranch ignore" /><!-- duration: 41ms -->
          </step><!-- duration: 54ms -->
          <step title="Create deny users for .git folder" date="2025-07-12T20:35:14.035" /><!-- duration: 37ms -->
          <step title="Configure git-credential" date="2025-07-12T20:35:14.078" >
            <step title="Executing external process" date="2025-07-12T20:35:14.107" type="process" path="git" arguments="config credential.helper &quot;!&apos;/home/site/repository/.git/hooks/git-credential-invalid.sh&apos;&quot;" /><!-- duration: 29ms -->
          </step><!-- duration: 65ms -->
          <step title="Setup post receive hook" date="2025-07-12T20:35:14.159" >
            <step title="Non-Windows enviroment, granting 755 permission to post-receive hook file" date="2025-07-12T20:35:14.190" /><!-- duration: 48ms -->
          </step><!-- duration: 86ms -->
        </step><!-- duration: 944ms -->
      </step><!-- duration: 963ms -->
      <step title="Releasing Deployment Lock" date="2025-07-12T20:35:14.265" /><!-- duration: 5ms -->
      <step title="GitExeServer.AdvertiseReceivePack" date="2025-07-12T20:35:14.289" >
        <step title="Executing external process" date="2025-07-12T20:35:14.295" type="process" path="git" arguments="receive-pack --stateless-rpc --advertise-refs &quot;/home/site/repository&quot;" /><!-- duration: 53ms -->
      </step><!-- duration: 66ms -->
      <step title="Writing 216 bytes" date="2025-07-12T20:35:14.359" /><!-- duration: 6ms -->
    </step><!-- duration: 1158ms -->
  </step><!-- duration: 1181ms -->
  <step title="Outgoing response" date="2025-07-12T20:35:14.396" type="response" statusCode="200" statusText="OK" /><!-- duration: 6ms -->
</step><!-- duration: 1266ms -->
