<step title="Incoming Request" date="2025-07-12T20:35:19.774" instance="7c5d95" url="/usime-ai.git/git-receive-pack" method="POST" type="request" pid="768,1,7" Accept="application/x-git-receive-pack-result" Host="usime-ai.scm.azurewebsites.net" User-Agent="git/2.43.0" Authorization="Bas..." Content-Type="application/x-git-receive-pack-request" Content-Length="4" X-ARR-LOG-ID="77716734-09e2-45ce-a222-2c6a8d9b310c" CLIENT-IP="173.24.189.250:55930" X-SITE-DEPLOYMENT-ID="usime-ai" WAS-DEFAULT-HOSTNAME="usime-ai.scm.azurewebsites.net" X-Forwarded-Proto="https" X-AppService-Proto="https" X-Forwarded-TlsVersion="1.3" X-WAWS-Unencoded-URL="/usime-ai.git/git-receive-pack" X-Client-IP="173.24.189.250" X-Client-Port="55930" >
  <step title="Cleanup Xml Logs" date="2025-07-12T20:35:19.780" /><!-- duration: 14ms -->
  <step title="RpcService.ReceivePack" date="2025-07-12T20:35:19.818" >
    <step title="Executing external process" date="2025-07-12T20:35:19.835" type="process" path="git" arguments="rev-parse --git-dir" /><!-- duration: 36ms -->
    <step title="Assuming git repository at /home/site/repository" date="2025-07-12T20:35:19.878" /><!-- duration: 22ms -->
    <step title="Acquiring Deployment Lock" date="2025-07-12T20:35:19.914" /><!-- duration: 5ms -->
    <step title="Acquired Deployment Lock" date="2025-07-12T20:35:19.958" /><!-- duration: 5ms -->
    <step title="Creating temporary deployment" date="2025-07-12T20:35:19.969" /><!-- duration: 59ms -->
    <step title="GitExeServer.Receive" date="2025-07-12T20:35:20.034" >
      <step title="Executing external process" date="2025-07-12T20:35:20.039" type="process" path="git" arguments="receive-pack --stateless-rpc &quot;/home/site/repository&quot;" /><!-- duration: 17ms -->
    </step><!-- duration: 28ms -->
    <step title="Releasing Deployment Lock" date="2025-07-12T20:35:20.130" /><!-- duration: 7ms -->
  </step><!-- duration: 337ms -->
  <step title="Outgoing response" date="2025-07-12T20:35:20.162" type="response" statusCode="200" statusText="OK" /><!-- duration: 6ms -->
</step><!-- duration: 398ms -->
