<step title="Incoming Request" date="2025-07-12T22:15:49.318" instance="7c5d95" url="/usime-ai.git/info/refs?service=git-receive-pack" method="GET" type="request" pid="768,1,38" Accept="*/*" Host="usime-ai.scm.azurewebsites.net" User-Agent="git/2.43.0" Accept-Encoding="deflate, gzip, br, zstd" Accept-Language="en-US, *;q=0.9" Authorization="Bas..." Pragma="no-cache" X-ARR-LOG-ID="04510d2f-6ac9-459d-969b-0d5a59fb5658" CLIENT-IP="173.24.189.250:47704" X-SITE-DEPLOYMENT-ID="usime-ai" WAS-DEFAULT-HOSTNAME="usime-ai.scm.azurewebsites.net" X-Forwarded-Proto="https" X-AppService-Proto="https" X-Forwarded-TlsVersion="1.3" X-WAWS-Unencoded-URL="/usime-ai.git/info/refs?service=git-receive-pack" X-Client-IP="173.24.189.250" X-Client-Port="47704" >
  <step title="Cleanup Xml Logs" date="2025-07-12T22:15:49.323" /><!-- duration: 13ms -->
  <step title="InfoRefsService.Execute" date="2025-07-12T22:15:49.363" >
    <step title="Executing external process" date="2025-07-12T22:15:49.380" type="process" path="git" arguments="rev-parse --git-dir" /><!-- duration: 89ms -->
    <step title="Assuming git repository at /home/site/repository" date="2025-07-12T22:15:49.476" /><!-- duration: 7ms -->
    <step title="InfoRefsService.SmartInfoRefs" date="2025-07-12T22:15:49.490" >
      <step title="Executing external process" date="2025-07-12T22:15:49.504" type="process" path="git" arguments="rev-parse --git-dir" /><!-- duration: 18ms -->
      <step title="Assuming git repository at /home/site/repository" date="2025-07-12T22:15:49.527" /><!-- duration: 9ms -->
      <step title="GitExeServer.AdvertiseReceivePack" date="2025-07-12T22:15:49.544" >
        <step title="Executing external process" date="2025-07-12T22:15:49.549" type="process" path="git" arguments="receive-pack --stateless-rpc --advertise-refs &quot;/home/site/repository&quot;" /><!-- duration: 80ms -->
      </step><!-- duration: 92ms -->
      <step title="Writing 279 bytes" date="2025-07-12T22:15:49.641" /><!-- duration: 5ms -->
    </step><!-- duration: 164ms -->
  </step><!-- duration: 297ms -->
  <step title="Outgoing response" date="2025-07-12T22:15:49.668" type="response" statusCode="200" statusText="OK" /><!-- duration: 6ms -->
</step><!-- duration: 362ms -->
