<step title="Incoming Request" date="2025-07-12T22:13:58.866" instance="7c5d95" url="/usime-ai.git/git-receive-pack" method="POST" type="request" pid="768,1,37" Accept="application/x-git-receive-pack-result" Host="usime-ai.scm.azurewebsites.net" User-Agent="git/2.43.0" Accept-Encoding="deflate, gzip, br, zstd" Accept-Language="en-US, *;q=0.9" Authorization="Bas..." Content-Type="application/x-git-receive-pack-request" Content-Length="411" X-ARR-LOG-ID="e590594e-e043-4a4c-96d2-ea14221f60dd" CLIENT-IP="173.24.189.250:38882" X-SITE-DEPLOYMENT-ID="usime-ai" WAS-DEFAULT-HOSTNAME="usime-ai.scm.azurewebsites.net" X-Forwarded-Proto="https" X-AppService-Proto="https" X-Forwarded-TlsVersion="1.3" X-WAWS-Unencoded-URL="/usime-ai.git/git-receive-pack" X-Client-IP="173.24.189.250" X-Client-Port="38882" >
  <step title="RpcService.ReceivePack" date="2025-07-12T22:13:58.889" >
    <step title="Executing external process" date="2025-07-12T22:13:58.900" type="process" path="git" arguments="rev-parse --git-dir" /><!-- duration: 15ms -->
    <step title="Assuming git repository at /home/site/repository" date="2025-07-12T22:13:58.923" /><!-- duration: 5ms -->
    <step title="Acquiring Deployment Lock" date="2025-07-12T22:13:58.936" /><!-- duration: 6ms -->
    <step title="Acquired Deployment Lock" date="2025-07-12T22:13:58.981" /><!-- duration: 5ms -->
    <step title="Creating temporary deployment" date="2025-07-12T22:13:58.991" /><!-- duration: 69ms -->
    <step title="GitExeServer.Receive" date="2025-07-12T22:13:59.066" >
      <step title="Executing external process" date="2025-07-12T22:13:59.072" type="process" path="git" arguments="receive-pack --stateless-rpc &quot;/home/site/repository&quot;" /><!-- duration: 15938ms -->
    </step><!-- duration: 15951ms -->
    <step title="Releasing Deployment Lock" date="2025-07-12T22:14:15.130" /><!-- duration: 10ms -->
  </step><!-- duration: 16268ms -->
  <step title="Outgoing response" date="2025-07-12T22:14:15.167" type="response" statusCode="200" statusText="OK" /><!-- duration: 5ms -->
</step><!-- duration: 16312ms -->
