<step title="Executing external process" date="2025-07-12T21:59:09.241" instance="7c5d95" type="process" path="kudu.exe" arguments="/home/site /opt/Kudu/msbuild" >
  <step title="Cleanup Xml Logs" date="2025-07-12T21:59:09.272" /><!-- duration: 26ms -->
  <step title="Deployment timer started" date="2025-07-12T21:59:09.322" >
    <step title="Executing external process" date="2025-07-12T21:59:09.341" type="process" path="git" arguments="log -n 1 master --" /><!-- duration: 128ms -->
    <step title="DeploymentManager.Deploy(id:78159830a97b040cbf86e7e5874903926c7018ce)" date="2025-07-12T21:59:09.479" >
      <step title="Collecting changeset information" date="2025-07-12T21:59:09.513" /><!-- duration: 180ms -->
      <step title="Updating to specific changeset" date="2025-07-12T21:59:09.706" >
        <step title="Executing external process" date="2025-07-12T21:59:10.850" type="process" path="git" arguments="checkout master --force" /><!-- duration: 1976ms -->
      </step><!-- duration: 3136ms -->
      <step title="Updating submodules" date="2025-07-12T21:59:12.852" /><!-- duration: 206ms -->
      <step title="Determining deployment builder" date="2025-07-12T21:59:13.345" >
        <step title="Builder is CustomGeneratorCommandSiteBuilder" date="2025-07-12T21:59:13.359" /><!-- duration: 10ms -->
      </step><!-- duration: 30ms -->
      <step title="PreDeployment: context.CleanOutputPath False" date="2025-07-12T21:59:13.438" >
        <step title="PreDeployment: context.OutputPath /home/site/wwwroot" date="2025-07-12T21:59:13.590" >
          <step title="Building" date="2025-07-12T21:59:13.716" >
            <step title="Executing external process" date="2025-07-12T21:59:14.068" type="process" path="starter.sh" arguments="/opt/Kudu/KuduConsole/Scripts/parallel_rsync.sh /home/site/repository /home/site/wwwroot 8 /tmp/ False True  " /><!-- duration: 6259ms -->
            <step title="Triggering recycle (preview mode disabled)." date="2025-07-12T21:59:20.710" /><!-- duration: 5ms -->
            <step title="Modified file to trigger a restart of the app container." date="2025-07-12T21:59:20.748" /><!-- duration: 5ms -->
            <step title="Skip function trigger and logicapp sync because function is not enabled." date="2025-07-12T21:59:20.771" /><!-- duration: 5ms -->
          </step><!-- duration: 7913ms -->
        </step><!-- duration: 8060ms -->
        <step title="Cleaning up temp files" date="2025-07-12T21:59:21.660" /><!-- duration: 9ms -->
        <step title="Cleaning up temp files" date="2025-07-12T21:59:21.676" /><!-- duration: 514ms -->
        <step title="Reloading status file with latest updates" date="2025-07-12T21:59:22.229" >
          <step title="WebHooksManager.PublishEventAsync: PostDeployment" date="2025-07-12T21:59:22.235" /><!-- duration: 65ms -->
        </step><!-- duration: 77ms -->
        <step title="Executing external process" date="2025-07-12T21:59:22.324" type="process" path="git" arguments="log -n 1 master --" /><!-- duration: 123ms -->
      </step><!-- duration: 9018ms -->
      <step title="Perform deploy exiting successfully" date="2025-07-12T21:59:22.462" 