<step title="Incoming Request" date="2025-07-12T22:06:08.405" instance="7c5d95" url="/usime-ai.git/git-receive-pack" method="POST" type="request" pid="768,1,24" Accept="application/x-git-receive-pack-result" Host="usime-ai.scm.azurewebsites.net" User-Agent="git/2.43.0" Accept-Encoding="deflate, gzip, br, zstd" Accept-Language="en-US, *;q=0.9" Authorization="Bas..." Content-Type="application/x-git-receive-pack-request" Content-Length="543" X-ARR-LOG-ID="055fb389-b4dc-493c-8a0d-72622c88c95c" CLIENT-IP="173.24.189.250:38030" X-SITE-DEPLOYMENT-ID="usime-ai" WAS-DEFAULT-HOSTNAME="usime-ai.scm.azurewebsites.net" X-Forwarded-Proto="https" X-AppService-Proto="https" X-Forwarded-TlsVersion="1.3" X-WAWS-Unencoded-URL="/usime-ai.git/git-receive-pack" X-Client-IP="173.24.189.250" X-Client-Port="38030" >
  <step title="RpcService.ReceivePack" date="2025-07-12T22:06:08.432" >
    <step title="Executing external process" date="2025-07-12T22:06:08.445" type="process" path="git" arguments="rev-parse --git-dir" /><!-- duration: 14ms -->
    <step title="Assuming git repository at /home/site/repository" date="2025-07-12T22:06:08.464" /><!-- duration: 5ms -->
    <step title="Acquiring Deployment Lock" date="2025-07-12T22:06:08.479" /><!-- duration: 6ms -->
    <step title="Acquired Deployment Lock" date="2025-07-12T22:06:08.523" /><!-- duration: 10ms -->
    <step title="Creating temporary deployment" date="2025-07-12T22:06:08.539" /><!-- duration: 65ms -->
    <step title="GitExeServer.Receive" date="2025-07-12T22:06:08.609" >
      <step title="Executing external process" date="2025-07-12T22:06:08.615" type="process" path="git" arguments="receive-pack --stateless-rpc &quot;/home/site/repository&quot;" /><!-- duration: 14505ms -->
    </step><!-- duration: 14519ms -->
    <step title="Releasing Deployment Lock" date="2025-07-12T22:06:23.221" /><!-- duration: 5ms -->
  </step><!-- duration: 14820ms -->
  <step title="Outgoing response" date="2025-07-12T22:06:23.260" type="response" statusCode="200" statusText="OK" /><!-- duration: 5ms -->
</step><!-- duration: 14867ms -->
