<step title="Executing external process" date="2025-07-12T22:15:52.103" instance="7c5d95" type="process" path="kudu.exe" arguments="/home/site /opt/Kudu/msbuild" >
  <step title="Cleanup Xml Logs" date="2025-07-12T22:15:52.132" /><!-- duration: 15ms -->
  <step title="Deployment timer started" date="2025-07-12T22:15:52.164" >
    <step title="Executing external process" date="2025-07-12T22:15:52.178" type="process" path="git" arguments="log -n 1 master --" /><!-- duration: 114ms -->
    <step title="DeploymentManager.Deploy(id:852a726ae6ecd97e59aed85f2a9a919a019d7603)" date="2025-07-12T22:15:52.300" >
      <step title="Collecting changeset information" date="2025-07-12T22:15:52.318" /><!-- duration: 174ms -->
      <step title="Updating to specific changeset" date="2025-07-12T22:15:52.558" >
        <step title="Executing external process" date="2025-07-12T22:15:53.708" type="process" path="git" arguments="checkout master --force" /><!-- duration: 3129ms -->
      </step><!-- duration: 4391ms -->
      <step title="Updating submodules" date="2025-07-12T22:15:56.960" /><!-- duration: 168ms -->
      <step title="Determining deployment builder" date="2025-07-12T22:15:57.536" >
        <step title="Builder is CustomGeneratorCommandSiteBuilder" date="2025-07-12T22:15:57.551" /><!-- duration: 7ms -->
      </step><!-- duration: 50ms -->
      <step title="PreDeployment: context.CleanOutputPath False" date="2025-07-12T22:15:57.697" >
        <step title="PreDeployment: context.OutputPath /home/site/wwwroot" date="2025-07-12T22:15:57.834" >
          <step title="Building" date="2025-07-12T22:15:57.968" >
            <step title="Executing external process" date="2025-07-12T22:15:58.562" type="process" path="starter.sh" arguments="/opt/Kudu/KuduConsole/Scripts/parallel_rsync.sh /home/site/repository /home/site/wwwroot 8 /tmp/ False True  " /><!-- duration: 5639ms -->
            <step title="Triggering recycle (preview mode disabled)." date="2025-07-12T22:16:04.749" /><!-- duration: 6ms -->
            <step title="Modified file to trigger a restart of the app container." date="2025-07-12T22:16:04.794" /><!-- duration: 6ms -->
            <step title="Skip function trigger and logicapp sync because function is not enabled." date="2025-07-12T22:16:04.809" /><!-- duration: 6ms -->
          </step><!-- duration: 7849ms -->
        </step><!-- duration: 7998ms -->
        <step title="Cleaning up temp files" date="2025-07-12T22:16:05.837" /><!-- duration: 8ms -->
        <step title="Cleaning up temp files" date="2025-07-12T22:16:05.850" /><!-- duration: 506ms -->
        <step title="Reloading status file with latest updates" date="2025-07-12T22:16:06.412" >
          <step title="WebHooksManager.PublishEventAsync: PostDeployment" date="2025-07-12T22:16:06.419" /><!-- duration: 60ms -->
        </step><!-- duration: 72ms -->
        <step title="Executing external process" date="2025-07-12T22:16:06.518" type="process" path="git" arguments="log -n 1 master --" /><!-- duration: 147ms -->
      </step><!-- duration: 8977ms -->
      <step title="Perform deploy exiting successfully" date="2025-07-12T22:16:06.686" 