<step title="Executing external process" date="2025-07-12T21:11:21.691" instance="7c5d95" type="process" path="kudu.exe" arguments="/home/site /opt/Kudu/msbuild" >
  <step title="Cleanup Xml Logs" date="2025-07-12T21:11:21.728" /><!-- duration: 38ms -->
  <step title="Deployment timer started" date="2025-07-12T21:11:21.798" >
    <step title="Executing external process" date="2025-07-12T21:11:21.824" type="process" path="git" arguments="log -n 1 master --" /><!-- duration: 352ms -->
    <step title="DeploymentManager.Deploy(id:9c389c13b4b3ee2b9a7358b68f2c9d64a770fff5)" date="2025-07-12T21:11:22.190" >
      <step title="Collecting changeset information" date="2025-07-12T21:11:22.245" /><!-- duration: 280ms -->
      <step title="Updating to specific changeset" date="2025-07-12T21:11:22.547" >
        <step title="Executing external process" date="2025-07-12T21:11:23.812" type="process" path="git" arguments="checkout master --force" >
          <step title="Cpu: git(1011,6.450s)=total(6.450s)" date="2025-07-12T21:12:24.163" /><!-- duration: 51ms -->
          <step title="git: no io activity for 60s, prev-cpu=-1.000s, current-cpu=6.450s" date="2025-07-12T21:12:24.227" /><!-- duration: 26ms -->
          <step title="Cpu: git(1011,7.700s)=total(7.700s)" date="2025-07-12T21:13:24.311" /><!-- duration: 32ms -->
          <step title="git: no io activity for 120s, prev-cpu=6.450s, current-cpu=7.700s" date="2025-07-12T21:13:24.354" /><!-- duration: 12ms -->
          <step title="Cpu: git(1011,8.950s)=total(8.950s)" date="2025-07-12T21:14:24.393" /><!-- duration: 19ms -->
          <step title="git: no io activity for 181s, prev-cpu=7.700s, current-cpu=8.950s" date="2025-07-12T21:14:24.424" /><!-- duration: 11ms -->
          <step title="Cpu: git(1011,10.140s)=total(10.140s)" date="2025-07-12T21:15:24.469" /><!-- duration: 37ms -->
          <step title="git: no io activity for 241s, prev-cpu=8.950s, current-cpu=10.140s" date="2025-07-12T21:15:24.516" /><!-- duration: 6ms -->
          <step title="Cpu: git(1011,11.320s)=total(11.320s)" date="2025-07-12T21:16:24.554" /><!-- duration: 25ms -->
          <step title="git: no io activity for 301s, prev-cpu=10.140s, current-cpu=11.320s" date="2025-07-12T21:16:24.589" /><!-- duration: 15ms -->
          <step title="Cpu: git(1011,12.790s)=total(12.790s)" date="2025-07-12T21:17:25.332" /><!-- duration: 79ms -->
          <step title="git: no io activity for 361s, prev-cpu=11.320s, current-cpu=12.790s" date="2025-07-12T21:17:25.460" /><!-- duration: 38ms -->
          <step title="Cpu: git(1011,14.130s)=total(14.130s)" date="2025-07-12T21:18:25.696" /><!-- duration: 25ms -->
          <step title="git: no io activity for 422s, prev-cpu=12.790s, current-cpu=14.130s" date="2025-07-12T21:18:25.738" /><!-- duration: 6ms -->
          <step title="Cpu: git(1011,15.530s)=total(15.530s)" date="2025-07-12T21:19:25.776" /><!-- duration: 8ms -->
          <step title="git: no io activity for 482s, prev-cpu=14.130s, current-cpu=15.530s" date="2025-07-12T21:19:25.807" /><!-- duration: 7ms -->
          <step title="Cpu: git(1011,17.000s)=total(17.000s)" date="2025-07-12T21:20:25.853" /><!-- duration: 27ms -->
          <step title="git: no io activity for 542s, prev-cpu=15.530s, current-cpu=17.000s" date="2025-07-12T21:20:25.891" /><!-- duration: 10ms -->
        </step><!-- duration: 577611ms -->
      </step><!-- duration: 578897ms -->
      <step title="Updating submodules" date="2025-07-12T21:21:01.457" /><!-- duration: 237ms -->
      <step title="Determining deployment builder" date="2025-07-12T21:21:02.019" >
        <step title="Builder is CustomGeneratorCommandSiteBuilder" date="2025-07-12T21:21:02.030" /><!-- duration: 8ms -->
      </step><!-- duration: 26ms -->
      <step title="PreDeployment: context.CleanOutputPath False" date="2025-07-12T21:21:02.101" >
        <step title="PreDeployment: context.OutputPath /home/site/wwwroot" date="2025-07-12T21:21:02.249" >
          <step title="Building" date="2025-07-12T21:21:02.404" >
            <step title="Executing external process" date="2025-07-12T21:21:02.840" type="process" path="starter.sh" arguments="/opt/Kudu/KuduConsole/Scripts/parallel_rsync.sh /home/site/repository /home/site/wwwroot 8 /tmp/ False True  " >
              <step title="Cpu: rsync(1293,0.000s)+rsync(1289,1.670s)+rsync(1288,6.610s)+parallel_rsync.sh(1242,0.010s)=total(8.290s)" date="2025-07-12T21:22:10.933" /><!-- duration: 86ms -->
              <step title="starter.sh: no io activity for 60s, prev-cpu=-1.000s, current-cpu=8.290s" date="2025-07-12T21:22:11.059" /><!-- duration: 16ms -->
              <step title="Cpu: rsync(1293,0.000s)+rsync(1289,4.200s)+rsync(1288,6.680s)+parallel_rsync.sh(1242,0.010s)=total(10.890s)" date="2025-07-12T21:23:11.158" /><!-- duration: 29ms -->
              <step title="starter.sh: no io activity for 121s, prev-cpu=8.290s, current-cpu=10.890s" date="2025-07-12T21:23:11.198" /><!-- duration: 12ms -->
              <step title="Cpu: rsync(1293,0.000s)+rsync(1289,5.260s)+rsync(1288,6.710s)+parallel_rsync.sh(1242,0.010s)=total(11.980s)" date="2025-07-12T21:24:11.232" /><!-- duration: 9ms -->
              <step title="starter.sh: no io activity for 181s, prev-cpu=10.890s, current-cpu=11.980s" date="2025-07-12T21:24:11.251" /><!-- duration: 11ms -->
              <step title="Cpu: rsync(1293,0.000s)+rsync(1289,7.060s)+rsync(1288,6.750s)+parallel_rsync.sh(1242,0.010s)=total(13.820s)" date="2025-07-12T21:25:11.299" /><!-- duration: 23ms -->
              <step title="starter.sh: no io activity for 241s, prev-cpu=11.980s, current-cpu=13.820s" date="2025-07-12T21:25:11.331" /><!-- duration: 13ms -->
            </step><!-- duration: 298087ms -->
            <step title="Triggering recycle (preview mode disabled)." date="2025-07-12T21:26:01.250" /><!-- duration: 5ms -->
            <step title="Modified file to trigger a restart of the app container." date="2025-07-12T21:26:01.283" /><!-- duration: 7ms -->
            <step title="Skip function trigger and logicapp sync because function is not enabled." date="2025-07-12T21:26:01.304" /><!-- duration: 5ms -->
          </step><!-- duration: 299674ms -->
        </step><!-- duration: 299842ms -->
        <step title="Cleaning up temp files" date="2025-07-12T21:26:02.096" /><!-- duration: 11ms -->
        <step title="Cleaning up temp files" date="2025-07-12T21:26:02.113" /><!-- duration: 509ms -->
        <step title="Reloading status file with latest updates" date="2025-07-12T21:26:02.648" >
          <step title="WebHooksManager.PublishEventAsync: PostDeployment" date="2025-07-12T21:26:02.655" /><!-- duration: 62ms -->
        </step><!-- duration: 73ms -->
        <step title="Executing external process" date="2025-07-12T21:26:02.762" type="process" path="git" arguments="log -n 1 master --" /><!-- duration: 121ms -->
      </step><!-- duration: 300788ms -->
      <step title="Perform deploy exiting successfully" date="2025-07-12T21:26:02.894" 