<step title="BackgroundTrace" date="2025-07-12T20:28:50.299" instance="7c5d95" url="/api/zipdeploy" method="POST" >
  <step title="Cleanup Xml Logs" date="2025-07-12T20:28:50.305" /><!-- duration: 13ms -->
  <step title="Creating temporary deployment - FetchDeploymentManager" date="2025-07-12T20:28:50.449" /><!-- duration: 6ms -->
  <step title="Creating temporary deployment" date="2025-07-12T20:28:50.469" /><!-- duration: 103ms -->
  <step title="Performing fetch based deployment" date="2025-07-12T20:28:50.711" >
    <step title="Cleaning up temp folders from previous zip deployments and extracting pushed zip file /tmp/zipdeploy/d8ee368d-d474-43e6-8ead-604b8d220b4f.zip (165.84 MB) to /tmp/zipdeploy/extracted" date="2025-07-12T20:28:51.896" >
      <step title="ChmodRecursive Process exited with total time taken in ms: 698" date="2025-07-12T20:29:19.965" /><!-- duration: 13ms -->
    </step><!-- duration: 28088ms -->
    <step title="Deployment timer started" date="2025-07-12T20:29:22.002" >
      <step title="DeploymentManager.Deploy(id:ca35ddab-984d-481b-92ba-f596af14b780)" date="2025-07-12T20:29:22.009" >
        <step title="Collecting changeset information" date="2025-07-12T20:29:22.041" /><!-- duration: 99ms -->
        <step title="Updating submodules" date="2025-07-12T20:29:22.152" /><!-- duration: 1128ms -->
        <step title="Determining deployment builder" date="2025-07-12T20:29:23.517" >
          <step title="Builder is OryxBuilder" date="2025-07-12T20:29:23.537" /><!-- duration: 5ms -->
        </step><!-- duration: 31ms -->
        <step title="PreDeployment: context.CleanOutputPath False" date="2025-07-12T20:29:23.592" >
          <step title="PreDeployment: context.OutputPath /home/site/wwwroot" date="2025-07-12T20:29:23.696" >
            <step title="Building" date="2025-07-12T20:29:23.815" >
              <step title="Executing external process" date="2025-07-12T20:29:24.338" type="process" path="bash" arguments="-c &quot;oryx build /tmp/zipdeploy/extracted -o /home/site/wwwroot --platform python --platform-version 3.10 -p virtualenv_name=antenv --log-file /tmp/build-debug.log  -i /tmp/8ddc182ca033538 --compress-destination-dir | tee /tmp/oryx-build.log ; exit $PIPESTATUS &quot;" >
                <step title="Cpu: python(1163,16.950s)+ts(1164,0.040s)+build.sh(1162,0.000s)+build.sh(1161,0.000s)+build.sh(949,0.030s)+oryx(930,4.270s)+tee(931,0.000s)+bash(929,0.000s)=total(21.290s)" date="2025-07-12T20:31:39.469" /><!-- duration: 14ms -->
                <step title="bash: no io activity for 60s, prev-cpu=-1.000s, current-cpu=21.290s" date="2025-07-12T20:31:39.496" /><!-- duration: 5ms -->
