<step title="Incoming Request" date="2025-07-12T22:06:08.030" instance="7c5d95" url="/usime-ai.git/info/refs?service=git-receive-pack" method="GET" type="request" pid="768,1,24" Accept="*/*" Host="usime-ai.scm.azurewebsites.net" User-Agent="git/2.43.0" Accept-Encoding="deflate, gzip, br, zstd" Accept-Language="en-US, *;q=0.9" Authorization="Bas..." Pragma="no-cache" X-ARR-LOG-ID="7d11d0b7-d7b7-413b-8597-8c5465bf43c9" CLIENT-IP="173.24.189.250:38030" X-SITE-DEPLOYMENT-ID="usime-ai" WAS-DEFAULT-HOSTNAME="usime-ai.scm.azurewebsites.net" X-Forwarded-Proto="https" X-AppService-Proto="https" X-Forwarded-TlsVersion="1.3" X-WAWS-Unencoded-URL="/usime-ai.git/info/refs?service=git-receive-pack" X-Client-IP="173.24.189.250" X-Client-Port="38030" >
  <step title="Cleanup Xml Logs" date="2025-07-12T22:06:08.036" /><!-- duration: 15ms -->
  <step title="InfoRefsService.Execute" date="2025-07-12T22:06:08.071" >
    <step title="Executing external process" date="2025-07-12T22:06:08.090" type="process" path="git" arguments="rev-parse --git-dir" /><!-- duration: 37ms -->
    <step title="Assuming git repository at /home/site/repository" date="2025-07-12T22:06:08.133" /><!-- duration: 5ms -->
    <step title="InfoRefsService.SmartInfoRefs" date="2025-07-12T22:06:08.146" >
      <step title="Executing external process" date="2025-07-12T22:06:08.162" type="process" path="git" arguments="rev-parse --git-dir" /><!-- duration: 14ms -->
      <step title="Assuming git repository at /home/site/repository" date="2025-07-12T22:06:08.181" /><!-- duration: 5ms -->
      <step title="GitExeServer.AdvertiseReceivePack" date="2025-07-12T22:06:08.199" >
        <step title="Executing external process" date="2025-07-12T22:06:08.204" type="process" path="git" arguments="receive-pack --stateless-rpc --advertise-refs &quot;/home/site/repository&quot;" /><!-- duration: 78ms -->
      </step><!-- duration: 90ms -->
      <step title="Writing 279 bytes" date="2025-07-12T22:06:08.294" /><!-- duration: 5ms -->
    </step><!-- duration: 162ms -->
  </step><!-- duration: 243ms -->
  <step title="Outgoing response" date="2025-07-12T22:06:08.320" type="response" statusCode="200" statusText="OK" /><!-- duration: 6ms -->
</step><!-- duration: 302ms -->
