<step title="Incoming Request" date="2025-07-12T21:50:50.059" instance="7c5d95" url="/usime-ai.git/info/refs?service=git-receive-pack" method="GET" type="request" pid="767,1,16" Accept="*/*" Host="usime-ai.scm.azurewebsites.net" User-Agent="git/2.43.0" Accept-Encoding="deflate, gzip, br, zstd" Accept-Language="en-US, *;q=0.9" Authorization="Bas..." Pragma="no-cache" X-ARR-LOG-ID="7b1f3f4b-47ce-4b78-a20a-80125dbca357" CLIENT-IP="173.24.189.250:52106" X-SITE-DEPLOYMENT-ID="usime-ai" WAS-DEFAULT-HOSTNAME="usime-ai.scm.azurewebsites.net" X-Forwarded-Proto="https" X-AppService-Proto="https" X-Forwarded-TlsVersion="1.3" X-WAWS-Unencoded-URL="/usime-ai.git/info/refs?service=git-receive-pack" X-Client-IP="173.24.189.250" X-Client-Port="52106" >
  <step title="Cleanup Xml Logs" date="2025-07-12T21:50:50.070" /><!-- duration: 14ms -->
  <step title="InfoRefsService.Execute" date="2025-07-12T21:50:50.118" >
    <step title="Executing external process" date="2025-07-12T21:50:50.141" type="process" path="git" arguments="rev-parse --git-dir" /><!-- duration: 91ms -->
    <step title="Assuming git repository at /home/site/repository" date="2025-07-12T21:50:50.239" /><!-- duration: 5ms -->
    <step title="InfoRefsService.SmartInfoRefs" date="2025-07-12T21:50:50.256" >
      <step title="Executing external process" date="2025-07-12T21:50:50.275" type="process" path="git" arguments="rev-parse --git-dir" /><!-- duration: 21ms -->
      <step title="Assuming git repository at /home/site/repository" date="2025-07-12T21:50:50.301" /><!-- duration: 5ms -->
      <step title="GitExeServer.AdvertiseReceivePack" date="2025-07-12T21:50:50.316" >
        <step title="Executing external process" date="2025-07-12T21:50:50.322" type="process" path="git" arguments="receive-pack --stateless-rpc --advertise-refs &quot;/home/site/repository&quot;" /><!-- duration: 96ms -->
      </step><!-- duration: 108ms -->
      <step title="Writing 279 bytes" date="2025-07-12T21:50:50.430" /><!-- duration: 7ms -->
    </step><!-- duration: 194ms -->
  </step><!-- duration: 338ms -->
  <step title="Outgoing response" date="2025-07-12T21:50:50.466" type="response" statusCode="200" statusText="OK" /><!-- duration: 7ms -->
</step><!-- duration: 424ms -->
