<step title="Executing external process" date="2025-07-12T21:50:53.150" instance="7c5d95" type="process" path="kudu.exe" arguments="/home/site /opt/Kudu/msbuild" >
  <step title="Cleanup Xml Logs" date="2025-07-12T21:50:53.180" /><!-- duration: 14ms -->
  <step title="Deployment timer started" date="2025-07-12T21:50:53.225" >
    <step title="Executing external process" date="2025-07-12T21:50:53.240" type="process" path="git" arguments="log -n 1 master --" /><!-- duration: 123ms -->
    <step title="DeploymentManager.Deploy(id:50748bd815af5ee6ce7f12493805ad46e9e5bae5)" date="2025-07-12T21:50:53.374" >
      <step title="Collecting changeset information" date="2025-07-12T21:50:53.400" /><!-- duration: 162ms -->
      <step title="Updating to specific changeset" date="2025-07-12T21:50:53.576" >
        <step title="Executing external process" date="2025-07-12T21:50:54.743" type="process" path="git" arguments="checkout master --force" /><!-- duration: 2098ms -->
      </step><!-- duration: 3283ms -->
      <step title="Updating submodules" date="2025-07-12T21:50:56.870" /><!-- duration: 204ms -->
      <step title="Determining deployment builder" date="2025-07-12T21:50:57.315" >
        <step title="Builder is CustomGeneratorCommandSiteBuilder" date="2025-07-12T21:50:57.328" /><!-- duration: 7ms -->
      </step><!-- duration: 26ms -->
      <step title="PreDeployment: context.CleanOutputPath False" date="2025-07-12T21:50:57.397" >
        <step title="PreDeployment: context.OutputPath /home/site/wwwroot" date="2025-07-12T21:50:57.591" >
          <step title="Building" date="2025-07-12T21:50:57.742" >
            <step title="Executing external process" date="2025-07-12T21:50:58.104" type="process" path="starter.sh" arguments="/opt/Kudu/KuduConsole/Scripts/parallel_rsync.sh /home/site/repository /home/site/wwwroot 8 /tmp/ False True  " /><!-- duration: 6815ms -->
            <step title="Triggering recycle (preview mode disabled)." date="2025-07-12T21:51:05.207" /><!-- duration: 5ms -->
            <step title="Modified file to trigger a restart of the app container." date="2025-07-12T21:51:05.241" /><!-- duration: 8ms -->
            <step title="Skip function trigger and logicapp sync because function is not enabled." date="2025-07-12T21:51:05.258" /><!-- duration: 6ms -->
          </step><!-- duration: 8350ms -->
        </step><!-- duration: 8518ms -->
        <step title="Cleaning up temp files" date="2025-07-12T21:51:06.114" /><!-- duration: 7ms -->
        <step title="Cleaning up temp files" date="2025-07-12T21:51:06.126" /><!-- duration: 519ms -->
        <step title="Reloading status file with latest updates" date="2025-07-12T21:51:06.680" >
          <step title="WebHooksManager.PublishEventAsync: PostDeployment" date="2025-07-12T21:51:06.688" /><!-- duration: 50ms -->
        </step><!-- duration: 63ms -->
        <step title="Executing external process" date="2025-07-12T21:51:06.772" type="process" path="git" arguments="log -n 1 master --" /><!-- duration: 118ms -->
      </step><!-- duration: 9499ms -->
      <step title="Perform deploy exiting successfully" date="2025-07-12T21:51:06.903" 