<step title="Executing external process" date="2025-07-12T22:02:32.281" instance="7c5d95" type="process" path="kudu.exe" arguments="/home/site /opt/Kudu/msbuild" >
  <step title="Cleanup Xml Logs" date="2025-07-12T22:02:32.347" /><!-- duration: 28ms -->
  <step title="Deployment timer started" date="2025-07-12T22:02:32.430" >
    <step title="Executing external process" date="2025-07-12T22:02:32.459" type="process" path="git" arguments="log -n 1 master --" /><!-- duration: 192ms -->
    <step title="DeploymentManager.Deploy(id:bd07abffbb7480c11e46ee9c561f9b9b0da0edc5)" date="2025-07-12T22:02:32.683" >
      <step title="Collecting changeset information" date="2025-07-12T22:02:32.735" /><!-- duration: 254ms -->
      <step title="Updating to specific changeset" date="2025-07-12T22:02:33.012" >
        <step title="Executing external process" date="2025-07-12T22:02:34.227" type="process" path="git" arguments="checkout master --force" /><!-- duration: 5515ms -->
      </step><!-- duration: 6742ms -->
      <step title="Updating submodules" date="2025-07-12T22:02:39.768" /><!-- duration: 194ms -->
      <step title="Determining deployment builder" date="2025-07-12T22:02:40.194" >
        <step title="Builder is CustomGeneratorCommandSiteBuilder" date="2025-07-12T22:02:40.207" /><!-- duration: 8ms -->
      </step><!-- duration: 29ms -->
      <step title="PreDeployment: context.CleanOutputPath False" date="2025-07-12T22:02:40.279" >
        <step title="PreDeployment: context.OutputPath /home/site/wwwroot" date="2025-07-12T22:02:40.408" >
          <step title="Building" date="2025-07-12T22:02:40.537" >
            <step title="Executing external process" date="2025-07-12T22:02:40.926" type="process" path="starter.sh" arguments="/opt/Kudu/KuduConsole/Scripts/parallel_rsync.sh /home/site/repository /home/site/wwwroot 8 /tmp/ False True  " /><!-- duration: 7289ms -->
            <step title="Triggering recycle (preview mode disabled)." date="2025-07-12T22:02:48.604" /><!-- duration: 7ms -->
            <step title="Modified file to trigger a restart of the app container." date="2025-07-12T22:02:48.641" /><!-- duration: 6ms -->
            <step title="Skip function trigger and logicapp sync because function is not enabled." date="2025-07-12T22:02:48.681" /><!-- duration: 13ms -->
          </step><!-- duration: 9111ms -->
        </step><!-- duration: 9256ms -->
        <step title="Cleaning up temp files" date="2025-07-12T22:02:49.669" /><!-- duration: 8ms -->
        <step title="Cleaning up temp files" date="2025-07-12T22:02:49.684" /><!-- duration: 508ms -->
        <step title="Reloading status file with latest updates" date="2025-07-12T22:02:50.220" >
          <step title="WebHooksManager.PublishEventAsync: PostDeployment" date="2025-07-12T22:02:50.226" /><!-- duration: 53ms -->
        </step><!-- duration: 64ms -->
        <step title="Executing external process" date="2025-07-12T22:02:50.305" type="process" path="git" arguments="log -n 1 master --" /><!-- duration: 125ms -->
      </step><!-- duration: 10157ms -->
      <step title="Perform deploy exiting successfully" date="2025-07-12T22:02:50.443" 