<step title="Executing external process" date="2025-07-12T22:14:02.470" instance="7c5d95" type="process" path="kudu.exe" arguments="/home/site /opt/Kudu/msbuild" >
  <step title="Cleanup Xml Logs" date="2025-07-12T22:14:02.502" /><!-- duration: 16ms -->
  <step title="Deployment timer started" date="2025-07-12T22:14:02.537" >
    <step title="Executing external process" date="2025-07-12T22:14:02.553" type="process" path="git" arguments="log -n 1 master --" /><!-- duration: 129ms -->
    <step title="DeploymentManager.Deploy(id:852a726ae6ecd97e59aed85f2a9a919a019d7603)" date="2025-07-12T22:14:02.693" >
      <step title="Collecting changeset information" date="2025-07-12T22:14:02.719" /><!-- duration: 285ms -->
      <step title="Updating to specific changeset" date="2025-07-12T22:14:03.021" >
        <step title="Executing external process" date="2025-07-12T22:14:04.189" type="process" path="git" arguments="checkout master --force" /><!-- duration: 1892ms -->
      </step><!-- duration: 3071ms -->
      <step title="Updating submodules" date="2025-07-12T22:14:06.100" /><!-- duration: 156ms -->
      <step title="Determining deployment builder" date="2025-07-12T22:14:06.515" >
        <step title="Builder is CustomGeneratorCommandSiteBuilder" date="2025-07-12T22:14:06.526" /><!-- duration: 6ms -->
      </step><!-- duration: 23ms -->
      <step title="PreDeployment: context.CleanOutputPath False" date="2025-07-12T22:14:06.587" >
        <step title="PreDeployment: context.OutputPath /home/site/wwwroot" date="2025-07-12T22:14:06.711" >
          <step title="Building" date="2025-07-12T22:14:06.828" >
            <step title="Executing external process" date="2025-07-12T22:14:07.191" type="process" path="starter.sh" arguments="/opt/Kudu/KuduConsole/Scripts/parallel_rsync.sh /home/site/repository /home/site/wwwroot 8 /tmp/ False True  " /><!-- duration: 5520ms -->
            <step title="Triggering recycle (preview mode disabled)." date="2025-07-12T22:14:13.015" /><!-- duration: 5ms -->
            <step title="Modified file to trigger a restart of the app container." date="2025-07-12T22:14:13.052" /><!-- duration: 6ms -->
            <step title="Skip function trigger and logicapp sync because function is not enabled." date="2025-07-12T22:14:13.075" /><!-- duration: 7ms -->
          </step><!-- duration: 7288ms -->
        </step><!-- duration: 7418ms -->
        <step title="Cleaning up temp files" date="2025-07-12T22:14:14.134" /><!-- duration: 7ms -->
        <step title="Cleaning up temp files" date="2025-07-12T22:14:14.147" /><!-- duration: 514ms -->
        <step title="Reloading status file with latest updates" date="2025-07-12T22:14:14.700" >
          <step title="WebHooksManager.PublishEventAsync: PostDeployment" date="2025-07-12T22:14:14.706" /><!-- duration: 61ms -->
        </step><!-- duration: 73ms -->
        <step title="Executing external process" date="2025-07-12T22:14:14.790" type="process" path="git" arguments="log -n 1 master --" /><!-- duration: 126ms -->
      </step><!-- duration: 8335ms -->
      <step title="Perform deploy exiting successfully" date="2025-07-12T22:14:14.933" 