﻿<?xml version="1.0" encoding="utf-8"?>
<deployment>
  <id>ee509ed7-fbfe-45bf-9c6d-f00ba2a000a7</id>
  <author>N/A</author>
  <deployer>OneDeploy</deployer>
  <authorEmail>N/A</authorEmail>
  <message>OneDeploy</message>
  <progress></progress>
  <status>Success</status>
  <statusText></statusText>
  <lastSuccessEndTime>2025-07-12T23:28:00.9037001Z</lastSuccessEndTime>
  <receivedTime>2025-07-12T23:27:46.0867413Z</receivedTime>
  <startTime>2025-07-12T23:27:48.1592314Z</startTime>
  <endTime>2025-07-12T23:28:00.9037001Z</endTime>
  <complete>True</complete>
  <is_temp>False</is_temp>
  <is_readonly>True</is_readonly>
  <buildSummary />
</deployment>