﻿<?xml version="1.0" encoding="utf-8"?>
<deployment>
  <id>ca35ddab-984d-481b-92ba-f596af14b780</id>
  <author>N/A</author>
  <deployer>Push-Deployer</deployer>
  <authorEmail>N/A</authorEmail>
  <message>Created via a push deployment</message>
  <progress></progress>
  <status>Failed</status>
  <statusText>Deployment has been stopped due to SCM container restart. The restart can happen due to a management operation on site. Do not perform a management operation and a deployment operation in quick succession. Adding a small delay can help avoid any conflicts.</statusText>
  <lastSuccessEndTime />
  <receivedTime>2025-07-12T20:29:22.0780582Z</receivedTime>
  <startTime>2025-07-12T20:29:23.4568748Z</startTime>
  <endTime>2025-07-12T20:33:50.807141Z</endTime>
  <complete>True</complete>
  <is_temp>False</is_temp>
  <is_readonly>True</is_readonly>
  <buildSummary />
</deployment>