﻿<?xml version="1.0" encoding="utf-8"?>
<deployment>
  <id>50748bd815af5ee6ce7f12493805ad46e9e5bae5</id>
  <author>connorbrooks18</author>
  <deployer>$usime-ai</deployer>
  <authorEmail>connorbrooks18@icloud.com</authorEmail>
  <message>Add debugging to startup script</message>
  <progress></progress>
  <status>Success</status>
  <statusText></statusText>
  <lastSuccessEndTime>2025-07-12T21:51:05.6370625Z</lastSuccessEndTime>
  <receivedTime>2025-07-12T21:50:53.489805Z</receivedTime>
  <startTime>2025-07-12T21:50:57.2383188Z</startTime>
  <endTime>2025-07-12T21:51:05.6370625Z</endTime>
  <complete>True</complete>
  <is_temp>False</is_temp>
  <is_readonly>False</is_readonly>
  <buildSummary />
</deployment>