﻿<?xml version="1.0" encoding="utf-8"?>
<deployment>
  <id>38dedb3101df8c4ac5f56527db2dac0ddf89ff12</id>
  <author>connorbrooks18</author>
  <deployer>$usime-ai</deployer>
  <authorEmail>connorbrooks18@icloud.com</authorEmail>
  <message>idk man</message>
  <progress>Running oryx build...</progress>
  <status>Building</status>
  <statusText>Building and Deploying '38dedb3101df8c4ac5f56527db2dac0ddf89ff12'.</statusText>
  <lastSuccessEndTime />
  <receivedTime>2025-07-12T20:36:35.9718089Z</receivedTime>
  <startTime>2025-07-12T20:42:47.5509403Z</startTime>
  <endTime />
  <complete>False</complete>
  <is_temp>False</is_temp>
  <is_readonly>False</is_readonly>
  <buildSummary />
</deployment>