<step title="Incoming Request" date="2025-07-12T21:10:39.423" instance="7c5d95" url="/usime-ai.git/git-receive-pack" method="POST" type="request" pid="770,1,7" Accept="application/x-git-receive-pack-result" Host="usime-ai.scm.azurewebsites.net" User-Agent="git/2.43.0" Authorization="Bas..." Content-Type="application/x-git-receive-pack-request" Content-Length="4" X-ARR-LOG-ID="a3dbf5a5-d332-4530-aae6-04e4605790f0" CLIENT-IP="173.24.189.250:36794" X-SITE-DEPLOYMENT-ID="usime-ai" WAS-DEFAULT-HOSTNAME="usime-ai.scm.azurewebsites.net" X-Forwarded-Proto="https" X-AppService-Proto="https" X-Forwarded-TlsVersion="1.3" X-WAWS-Unencoded-URL="/usime-ai.git/git-receive-pack" X-Client-IP="173.24.189.250" X-Client-Port="36794" >
  <step title="Cleanup Xml Logs" date="2025-07-12T21:10:39.435" /><!-- duration: 34ms -->
  <step title="RpcService.ReceivePack" date="2025-07-12T21:10:39.550" >
    <step title="Executing external process" date="2025-07-12T21:10:39.604" type="process" path="git" arguments="rev-parse --git-dir" /><!-- duration: 95ms -->
    <step title="Assuming git repository at /home/site/repository" date="2025-07-12T21:10:39.714" /><!-- duration: 21ms -->
    <step title="Acquiring Deployment Lock" date="2025-07-12T21:10:39.752" /><!-- duration: 10ms -->
    <step title="Acquired Deployment Lock" date="2025-07-12T21:10:40.141" /><!-- duration: 32ms -->
    <step title="Creating temporary deployment" date="2025-07-12T21:10:40.184" /><!-- duration: 241ms -->
    <step title="GitExeServer.Receive" date="2025-07-12T21:10:40.456" >
      <step title="Executing external process" date="2025-07-12T21:10:40.475" type="process" path="git" arguments="receive-pack --stateless-rpc &quot;/home/site/repository&quot;" /><!-- duration: 38ms -->
    </step><!-- duration: 70ms -->
    <step title="Releasing Deployment Lock" date="2025-07-12T21:10:40.657" /><!-- duration: 16ms -->
  </step><!-- duration: 1153ms -->
  <step title="Outgoing response" date="2025-07-12T21:10:40.716" type="response" statusCode="200" statusText="OK" /><!-- duration: 10ms -->
</step><!-- duration: 1313ms -->
