<step title="Incoming Request" date="2025-07-12T21:10:32.133" instance="7c5d95" url="/usime-ai.git/info/refs?service=git-receive-pack" method="GET" type="request" pid="770,1,7" Accept="*/*" Host="usime-ai.scm.azurewebsites.net" User-Agent="git/2.43.0" Accept-Encoding="deflate, gzip, br, zstd" Accept-Language="en-US, *;q=0.9" Authorization="Bas..." Pragma="no-cache" X-ARR-LOG-ID="46ee99f1-ba13-45f2-a4a8-e592455ddbac" CLIENT-IP="173.24.189.250:36794" X-SITE-DEPLOYMENT-ID="usime-ai" WAS-DEFAULT-HOSTNAME="usime-ai.scm.azurewebsites.net" X-Forwarded-Proto="https" X-AppService-Proto="https" X-Forwarded-TlsVersion="1.3" X-WAWS-Unencoded-URL="/usime-ai.git/info/refs?service=git-receive-pack" X-Client-IP="173.24.189.250" X-Client-Port="36794" >
  <step title="Cleanup Xml Logs" date="2025-07-12T21:10:32.159" /><!-- duration: 35ms -->
  <step title="InfoRefsService.Execute" date="2025-07-12T21:10:33.073" >
    <step title="Executing external process" date="2025-07-12T21:10:33.133" type="process" path="git" arguments="rev-parse --git-dir" /><!-- duration: 147ms -->
    <step title="Assuming git repository at /home/site/repository" date="2025-07-12T21:10:33.294" /><!-- duration: 16ms -->
    <step title="InfoRefsService.SmartInfoRefs" date="2025-07-12T21:10:33.336" >
      <step title="Executing external process" date="2025-07-12T21:10:33.386" type="process" path="git" arguments="rev-parse --git-dir" /><!-- duration: 29ms -->
      <step title="Assuming git repository at /home/site/repository" date="2025-07-12T21:10:33.423" /><!-- duration: 13ms -->
      <step title="GitExeServer.AdvertiseReceivePack" date="2025-07-12T21:10:33.468" >
        <step title="Executing external process" date="2025-07-12T21:10:33.479" type="process" path="git" arguments="receive-pack --stateless-rpc --advertise-refs &quot;/home/site/repository&quot;" /><!-- duration: 627ms -->
      </step><!-- duration: 653ms -->
      <step title="Writing 279 bytes" date="2025-07-12T21:10:34.135" /><!-- duration: 24ms -->
    </step><!-- duration: 972ms -->
  </step><!-- duration: 1247ms -->
  <step title="Outgoing response" date="2025-07-12T21:10:34.344" type="response" statusCode="200" statusText="OK" /><!-- duration: 8ms -->
</step><!-- duration: 2238ms -->
