﻿<?xml version="1.0" encoding="utf-8"?>
<deployment>
  <id>temp-04b0f948</id>
  <author>Deploying from pushed zip file</author>
  <deployer>Push-Deployer</deployer>
  <authorEmail>N/A</authorEmail>
  <message>N/A</message>
  <progress></progress>
  <status>Failed</status>
  <statusText>Deployment has been stopped due to SCM container restart. The restart can happen due to a management operation on site. Do not perform a management operation and a deployment operation in quick succession. Adding a small delay can help avoid any conflicts.</statusText>
  <lastSuccessEndTime />
  <receivedTime>2025-07-12T23:02:33.7208623Z</receivedTime>
  <startTime>2025-07-12T23:02:33.7208623Z</startTime>
  <endTime>2025-07-12T23:04:48.8769305Z</endTime>
  <complete>True</complete>
  <is_temp>True</is_temp>
  <is_readonly>False</is_readonly>
  <buildSummary />
</deployment>