﻿<?xml version="1.0" encoding="utf-8"?>
<deployment>
  <id>852a726ae6ecd97e59aed85f2a9a919a019d7603</id>
  <author>connorbrooks18</author>
  <deployer>$usime-ai</deployer>
  <authorEmail>connorbrooks18@icloud.com</authorEmail>
  <message>Use Oryx default startup</message>
  <progress></progress>
  <status>Success</status>
  <statusText></statusText>
  <lastSuccessEndTime>2025-07-12T22:22:54.9196246Z</lastSuccessEndTime>
  <receivedTime>2025-07-12T22:14:02.930691Z</receivedTime>
  <startTime>2025-07-12T22:22:43.7746557Z</startTime>
  <endTime>2025-07-12T22:22:54.9196246Z</endTime>
  <complete>True</complete>
  <is_temp>False</is_temp>
  <is_readonly>False</is_readonly>
  <buildSummary />
</deployment>