﻿<?xml version="1.0" encoding="utf-8"?>
<deployment>
  <id>fcf75c35f762dc3e89191a36dcc4b096138fb250</id>
  <author>connorbrooks18</author>
  <deployer>$usime-ai</deployer>
  <authorEmail>connorbrooks18@icloud.com</authorEmail>
  <message>Activate virtualenv in startup</message>
  <progress></progress>
  <status>Success</status>
  <statusText></statusText>
  <lastSuccessEndTime>2025-07-12T22:06:21.6510905Z</lastSuccessEndTime>
  <receivedTime>2025-07-12T22:06:11.1961677Z</receivedTime>
  <startTime>2025-07-12T22:06:14.7372276Z</startTime>
  <endTime>2025-07-12T22:06:21.6510905Z</endTime>
  <complete>True</complete>
  <is_temp>False</is_temp>
  <is_readonly>False</is_readonly>
  <buildSummary />
</deployment>