﻿<?xml version="1.0" encoding="utf-8"?>
<deployment>
  <id>14bad169d4a9df32f265ad75a4aec05efa22ce8a</id>
  <author>connorbrooks18</author>
  <deployer>$usime-ai</deployer>
  <authorEmail>connorbrooks18@icloud.com</authorEmail>
  <message>Update startup script to install dependencies</message>
  <progress></progress>
  <status>Success</status>
  <statusText></statusText>
  <lastSuccessEndTime>2025-07-12T21:26:45.6118697Z</lastSuccessEndTime>
  <receivedTime>2025-07-12T21:26:33.1118253Z</receivedTime>
  <startTime>2025-07-12T21:26:36.9824943Z</startTime>
  <endTime>2025-07-12T21:26:45.6118697Z</endTime>
  <complete>True</complete>
  <is_temp>False</is_temp>
  <is_readonly>False</is_readonly>
  <buildSummary />
</deployment>