<step title="Incoming Request" date="2025-07-12T22:24:50.154" instance="7c5d95" url="/usime-ai.git/git-receive-pack" method="POST" type="request" pid="768,1,21" Accept="application/x-git-receive-pack-result" Host="usime-ai.scm.azurewebsites.net" User-Agent="git/2.43.0" Accept-Encoding="deflate, gzip, br, zstd" Accept-Language="en-US, *;q=0.9" Authorization="Bas..." Content-Type="application/x-git-receive-pack-request" Content-Length="573087" X-ARR-LOG-ID="1250039a-dd73-4126-a72d-7251f58e2908" CLIENT-IP="173.24.189.250:56750" X-SITE-DEPLOYMENT-ID="usime-ai" WAS-DEFAULT-HOSTNAME="usime-ai.scm.azurewebsites.net" X-Forwarded-Proto="https" X-AppService-Proto="https" X-Forwarded-TlsVersion="1.3" X-WAWS-Unencoded-URL="/usime-ai.git/git-receive-pack" X-Client-IP="173.24.189.250" X-Client-Port="56750" >
  <step title="RpcService.ReceivePack" date="2025-07-12T22:24:50.193" >
    <step title="Executing external process" date="2025-07-12T22:24:50.213" type="process" path="git" arguments="rev-parse --git-dir" /><!-- duration: 33ms -->
    <step title="Assuming git repository at /home/site/repository" date="2025-07-12T22:24:50.252" /><!-- duration: 7ms -->
    <step title="Acquiring Deployment Lock" date="2025-07-12T22:24:50.267" /><!-- duration: 12ms -->
    <step title="Acquired Deployment Lock" date="2025-07-12T22:24:50.353" /><!-- duration: 6ms -->
    <step title="Creating temporary deployment" date="2025-07-12T22:24:50.368" /><!-- duration: 82ms -->
    <step title="GitExeServer.Receive" date="2025-07-12T22:24:50.457" >
      <step title="Executing external process" date="2025-07-12T22:24:50.466" type="process" path="git" arguments="receive-pack --stateless-rpc &quot;/home/site/repository&quot;" /><!-- duration: 23629ms -->
    </step><!-- duration: 23644ms -->
    <step title="Releasing Deployment Lock - There is NO LOCK HELD | ERROR" date="2025-07-12T22:25:14.159" /><!-- duration: 5ms -->
  </step><!-- duration: 23976ms -->
  <step title="Outgoing response" date="2025-07-12T22:25:14.175" type="response" statusCode="200" statusText="OK" /><!-- duration: 5ms -->
</step><!-- duration: 24031ms -->
