<step title="BackgroundTrace" date="2025-07-12T22:27:12.692" instance="7c5d95" url="/api/zipdeploy" method="POST" >
  <step title="Cleanup Xml Logs" date="2025-07-12T22:27:12.699" /><!-- duration: 23ms -->
  <step title="Creating temporary deployment - FetchDeploymentManager" date="2025-07-12T22:27:12.953" /><!-- duration: 22ms -->
  <step title="Creating temporary deployment" date="2025-07-12T22:27:13.026" /><!-- duration: 223ms -->
  <step title="Performing fetch based deployment" date="2025-07-12T22:27:13.523" >
    <step title="Cleaning up temp folders from previous zip deployments and extracting pushed zip file /tmp/zipdeploy/d87eb6f8-42c7-454f-92b5-c9faf5a6da58.zip (93.51 MB) to /tmp/zipdeploy/extracted" date="2025-07-12T22:27:15.090" >
      <step title="ChmodRecursive Process exited with total time taken in ms: 336" date="2025-07-12T22:28:23.487" /><!-- duration: 15ms -->
    </step><!-- duration: 68428ms -->
    <step title="Deployment timer started" date="2025-07-12T22:28:26.006" >
      <step title="DeploymentManager.Deploy(id:1c63b365-3e89-4201-9033-49a647ec7cb6)" date="2025-07-12T22:28:26.025" >
        <step title="Collecting changeset information" date="2025-07-12T22:28:26.052" /><!-- duration: 316ms -->
        <step title="Updating submodules" date="2025-07-12T22:28:26.467" /><!-- duration: 1225ms -->
        <step title="Determining deployment builder" date="2025-07-12T22:28:27.934" >
          <step title="Builder is CustomGeneratorCommandSiteBuilder" date="2025-07-12T22:28:27.946" /><!-- duration: 5ms -->
        </step><!-- duration: 22ms -->
        <step title="PreDeployment: context.CleanOutputPath False" date="2025-07-12T22:28:28.011" >
          <step title="PreDeployment: context.OutputPath /home/site/wwwroot" date="2025-07-12T22:28:28.129" >
            <step title="Building" date="2025-07-12T22:28:28.273" >
              <step title="Executing external process" date="2025-07-12T22:28:28.699" type="process" path="starter.sh" arguments="/opt/Kudu/Scripts/parallel_rsync.sh /tmp/zipdeploy/extracted /home/site/wwwroot 8 /tmp/ False True  " 