<step title="Incoming Request" date="2025-07-12T20:00:43.389" instance="7c5d95" url="/api/zipdeploy?isAsync=true" method="POST" type="request" pid="768,1,15" Accept="*/*" Host="usime-ai.scm.azurewebsites.net" User-Agent="AZURECLI/2.75.0 (DEB)" Accept-Encoding="gzip, deflate" Authorization="Bas..." Cache-Control="no-cache" Content-Type="application/octet-stream" Cookie="ARRAffinity=7c5d95e43cdb2ee7610273b357b1b2a004a2a2cede74f93245733dbaf8c302af; ARRAffinitySameSite=7c5d95e43cdb2ee7610273b357b1b2a004a2a2cede74f93245733dbaf8c302af" Content-Length="173897024" x-ms-client-request-id="b05bd34c-5f5a-11f0-8bf2-40234353321b" x-ms-artifact-checksum="077e6677afb7b5903c82728ff61f206ee59b382a446ceff70f14565edf6499cd" X-ARR-LOG-ID="b05bd34c-5f5a-11f0-8bf2-40234353321b" CLIENT-IP="173.24.189.250:58402" X-SITE-DEPLOYMENT-ID="usime-ai" WAS-DEFAULT-HOSTNAME="usime-ai.scm.azurewebsites.net" X-Forwarded-Proto="https" X-AppService-Proto="https" X-Forwarded-TlsVersion="1.3" X-WAWS-Unencoded-URL="/api/zipdeploy?isAsync=true" X-Client-IP="173.24.189.250" X-Client-Port="58402" >
  <step title="ZipPushDeploy" date="2025-07-12T20:00:43.423" >
    <step title="ZipDeploy. Extract zip. Remote build." date="2025-07-12T20:00:43.439" /><!-- duration: 5ms -->
    <step title="None repository commit" date="2025-07-12T20:00:43.459" >
      <step title="Commit id: 5f01c296-1ded-474d-8222-d9d9fccb2693" date="2025-07-12T20:00:43.464" Message="N/A" AuthorName="N/A" AuthorEmail="N/A" /><!-- duration: 6ms -->
    </step><!-- duration: 18ms -->
    <step title="Starting PushDeployAsync" date="2025-07-12T20:00:43.485" /><!-- duration: 8ms -->
    <step title="Writing artifact to /tmp/zipdeploy/f3c212e6-69cb-4a26-99b9-0d9f9e60f6eb.zip" date="2025-07-12T20:00:43.513" >
      <step title="Writing multipart request body to /tmp/zipdeploy/f3c212e6-69cb-4a26-99b9-0d9f9e60f6eb.zip" date="2025-07-12T20:00:43.521" /><!-- duration: 6ms -->
    </step><!-- duration: 67454ms -->
    <step title="Start deployment in the background" date="2025-07-12T20:01:51.005" >
      <step title="Acquiring Deployment Lock" date="2025-07-12T20:01:51.049" /><!-- duration: 7ms -->
      <step title="Acquired Deployment Lock" date="2025-07-12T20:01:51.195" /><!-- duration: 6ms -->
    </step><!-- duration: 309ms -->
  </step><!-- duration: 67900ms -->
  <step title="Outgoing response" date="2025-07-12T20:01:51.331" type="response" statusCode="202" statusText="Accepted" /><!-- duration: 5ms -->
</step><!-- duration: 67953ms -->
