<step title="Incoming Request" date="2025-07-12T22:02:30.699" instance="7c5d95" url="/usime-ai.git/git-receive-pack" method="POST" type="request" pid="768,1,16" Accept="application/x-git-receive-pack-result" Host="usime-ai.scm.azurewebsites.net" User-Agent="git/2.43.0" Accept-Encoding="deflate, gzip, br, zstd" Accept-Language="en-US, *;q=0.9" Authorization="Bas..." Content-Type="application/x-git-receive-pack-request" Content-Length="378" X-ARR-LOG-ID="bd02080c-a806-439e-ac91-f6412c031cdf" CLIENT-IP="173.24.189.250:36184" X-SITE-DEPLOYMENT-ID="usime-ai" WAS-DEFAULT-HOSTNAME="usime-ai.scm.azurewebsites.net" X-Forwarded-Proto="https" X-AppService-Proto="https" X-Forwarded-TlsVersion="1.3" X-WAWS-Unencoded-URL="/usime-ai.git/git-receive-pack" X-Client-IP="173.24.189.250" X-Client-Port="36184" >
  <step title="RpcService.ReceivePack" date="2025-07-12T22:02:30.726" >
    <step title="Executing external process" date="2025-07-12T22:02:30.737" type="process" path="git" arguments="rev-parse --git-dir" /><!-- duration: 19ms -->
    <step title="Assuming git repository at /home/site/repository" date="2025-07-12T22:02:30.765" /><!-- duration: 5ms -->
    <step title="Acquiring Deployment Lock" date="2025-07-12T22:02:30.782" /><!-- duration: 8ms -->
    <step title="Acquired Deployment Lock" date="2025-07-12T22:02:30.834" /><!-- duration: 6ms -->
    <step title="Creating temporary deployment" date="2025-07-12T22:02:30.846" /><!-- duration: 62ms -->
    <step title="GitExeServer.Receive" date="2025-07-12T22:02:30.917" >
      <step title="Executing external process" date="2025-07-12T22:02:30.922" type="process" path="git" arguments="receive-pack --stateless-rpc &quot;/home/site/repository&quot;" /><!-- duration: 19575ms -->
    </step><!-- duration: 19589ms -->
    <step title="Releasing Deployment Lock" date="2025-07-12T22:02:50.597" /><!-- duration: 5ms -->
  </step><!-- duration: 19893ms -->
  <step title="Outgoing response" date="2025-07-12T22:02:50.627" type="response" statusCode="200" statusText="OK" /><!-- duration: 5ms -->
</step><!-- duration: 19939ms -->
