<step title="Incoming Request" date="2025-07-12T20:53:18.722" instance="7c5d95" url="/usime-ai.git/info/refs?service=git-receive-pack" method="GET" type="request" pid="768,1,32" Accept="*/*" Host="usime-ai.scm.azurewebsites.net" User-Agent="git/2.43.0" Accept-Encoding="deflate, gzip, br, zstd" Accept-Language="en-US, *;q=0.9" Authorization="Bas..." Pragma="no-cache" X-ARR-LOG-ID="c6981551-b2cc-457f-8a1b-2846e6e706d5" CLIENT-IP="173.24.189.250:36888" X-SITE-DEPLOYMENT-ID="usime-ai" WAS-DEFAULT-HOSTNAME="usime-ai.scm.azurewebsites.net" X-Forwarded-Proto="https" X-AppService-Proto="https" X-Forwarded-TlsVersion="1.3" X-WAWS-Unencoded-URL="/usime-ai.git/info/refs?service=git-receive-pack" X-Client-IP="173.24.189.250" X-Client-Port="36888" >
  <step title="Cleanup Xml Logs" date="2025-07-12T20:53:18.732" /><!-- duration: 25ms -->
  <step title="InfoRefsService.Execute" date="2025-07-12T20:53:18.774" >
    <step title="Executing external process" date="2025-07-12T20:53:18.803" type="process" path="git" arguments="rev-parse --git-dir" /><!-- duration: 75ms -->
    <step title="Assuming git repository at /home/site/repository" date="2025-07-12T20:53:18.889" /><!-- duration: 179ms -->
    <step title="InfoRefsService.SmartInfoRefs" date="2025-07-12T20:53:19.084" >
      <step title="Executing external process" date="2025-07-12T20:53:19.157" type="process" path="git" arguments="rev-parse --git-dir" /><!-- duration: 27ms -->
      <step title="Assuming git repository at /home/site/repository" date="2025-07-12T20:53:19.197" /><!-- duration: 10ms -->
      <step title="GitExeServer.AdvertiseReceivePack" date="2025-07-12T20:53:19.229" >
        <step title="Executing external process" date="2025-07-12T20:53:19.241" type="process" path="git" arguments="receive-pack --stateless-rpc --advertise-refs &quot;/home/site/repository&quot;" /><!-- duration: 123ms -->
      </step><!-- duration: 145ms -->
      <step title="Writing 279 bytes" date="2025-07-12T20:53:19.383" /><!-- duration: 10ms -->
    </step><!-- duration: 323ms -->
  </step><!-- duration: 643ms -->
  <step title="Outgoing response" date="2025-07-12T20:53:19.429" type="response" statusCode="200" statusText="OK" /><!-- duration: 9ms -->
</step><!-- duration: 727ms -->
