<step title="Incoming Request" date="2025-07-12T21:02:07.497" instance="7c5d95" url="/api/zipdeploy?isAsync=true" method="POST" type="request" pid="768,1,7" Accept="*/*" Host="usime-ai.scm.azurewebsites.net" User-Agent="AZURECLI/2.75.0 (DEB)" Accept-Encoding="gzip, deflate" Authorization="Bas..." Cache-Control="no-cache" Content-Type="application/octet-stream" Cookie="ARRAffinity=7c5d95e43cdb2ee7610273b357b1b2a004a2a2cede74f93245733dbaf8c302af; ARRAffinitySameSite=7c5d95e43cdb2ee7610273b357b1b2a004a2a2cede74f93245733dbaf8c302af" Content-Length="98030623" x-ms-client-request-id="6ba2d846-5f63-11f0-8bf2-40234353321b" x-ms-artifact-checksum="8fb23200840525b0385d883cc3daa8db406081f824f1fe9908dd7250e14543df" X-ARR-LOG-ID="6ba2d846-5f63-11f0-8bf2-40234353321b" CLIENT-IP="173.24.189.250:36072" X-SITE-DEPLOYMENT-ID="usime-ai" WAS-DEFAULT-HOSTNAME="usime-ai.scm.azurewebsites.net" X-Forwarded-Proto="https" X-AppService-Proto="https" X-Forwarded-TlsVersion="1.3" X-WAWS-Unencoded-URL="/api/zipdeploy?isAsync=true" X-Client-IP="173.24.189.250" X-Client-Port="36072" >
  <step title="ZipPushDeploy" date="2025-07-12T21:02:07.535" >
    <step title="ZipDeploy. Extract zip. Remote build." date="2025-07-12T21:02:07.555" /><!-- duration: 5ms -->
    <step title="None repository commit" date="2025-07-12T21:02:07.574" >
      <step title="Commit id: a2978258-7e20-4d19-b724-60b9fea7d50e" date="2025-07-12T21:02:07.581" Message="N/A" AuthorName="N/A" AuthorEmail="N/A" /><!-- duration: 7ms -->
    </step><!-- duration: 20ms -->
    <step title="Starting PushDeployAsync" date="2025-07-12T21:02:07.600" /><!-- duration: 5ms -->
    <step title="Writing artifact to /tmp/zipdeploy/2be40743-c655-4fd6-b8ea-09fe7ecba451.zip" date="2025-07-12T21:02:07.624" >
      <step title="Writing multipart request body to /tmp/zipdeploy/2be40743-c655-4fd6-b8ea-09fe7ecba451.zip" date="2025-07-12T21:02:07.630" /><!-- duration: 5ms -->
    </step><!-- duration: 18032ms -->
    <step title="Start deployment in the background" date="2025-07-12T21:02:25.734" >
      <step title="Acquiring Deployment Lock" date="2025-07-12T21:02:25.883" /><!-- duration: 55ms -->
      <step title="Acquired Deployment Lock" date="2025-07-12T21:02:26.034" /><!-- duration: 11ms -->
    </step><!-- duration: 511ms -->
  </step><!-- duration: 18741ms -->
  <step title="Outgoing response" date="2025-07-12T21:02:26.314" type="response" statusCode="202" statusText="Accepted" /><!-- duration: 14ms -->
</step><!-- duration: 18849ms -->
