<step title="Incoming Request" date="2025-07-12T22:26:31.014" instance="7c5d95" url="/api/zipdeploy?isAsync=true" method="POST" type="request" pid="770,1,16" Accept="*/*" Host="usime-ai.scm.azurewebsites.net" User-Agent="AZURECLI/2.75.0 (DEB)" Accept-Encoding="gzip, deflate" Authorization="Bas..." Cache-Control="no-cache" Content-Type="application/octet-stream" Cookie="ARRAffinity=7c5d95e43cdb2ee7610273b357b1b2a004a2a2cede74f93245733dbaf8c302af; ARRAffinitySameSite=7c5d95e43cdb2ee7610273b357b1b2a004a2a2cede74f93245733dbaf8c302af" Content-Length="98051467" x-ms-client-request-id="3d39b734-5f6f-11f0-8bf2-40234353321b" x-ms-artifact-checksum="337707a2047d650fc2e0f884097764bede3b1b7d3b27a9f5918f8c5e374e718a" X-ARR-LOG-ID="3d39b734-5f6f-11f0-8bf2-40234353321b" CLIENT-IP="173.24.189.250:52004" X-SITE-DEPLOYMENT-ID="usime-ai" WAS-DEFAULT-HOSTNAME="usime-ai.scm.azurewebsites.net" X-Forwarded-Proto="https" X-AppService-Proto="https" X-Forwarded-TlsVersion="1.3" X-WAWS-Unencoded-URL="/api/zipdeploy?isAsync=true" X-Client-IP="173.24.189.250" X-Client-Port="52004" >
  <step title="ZipPushDeploy" date="2025-07-12T22:26:31.033" >
    <step title="ZipDeploy. Extract zip. Remote build." date="2025-07-12T22:26:31.050" /><!-- duration: 6ms -->
    <step title="None repository commit" date="2025-07-12T22:26:31.066" >
      <step title="Commit id: 1c63b365-3e89-4201-9033-49a647ec7cb6" date="2025-07-12T22:26:31.071" Message="N/A" AuthorName="N/A" AuthorEmail="N/A" /><!-- duration: 5ms -->
    </step><!-- duration: 15ms -->
    <step title="Starting PushDeployAsync" date="2025-07-12T22:26:31.088" /><!-- duration: 6ms -->
    <step title="Writing artifact to /tmp/zipdeploy/d87eb6f8-42c7-454f-92b5-c9faf5a6da58.zip" date="2025-07-12T22:26:31.111" >
      <step title="Writing multipart request body to /tmp/zipdeploy/d87eb6f8-42c7-454f-92b5-c9faf5a6da58.zip" date="2025-07-12T22:26:31.117" /><!-- duration: 6ms -->
    </step><!-- duration: 41535ms -->
    <step title="Start deployment in the background" date="2025-07-12T22:27:12.685" >
      <step title="Acquiring Deployment Lock" date="2025-07-12T22:27:12.760" /><!-- duration: 32ms -->
      <step title="Acquired Deployment Lock" date="2025-07-12T22:27:12.919" /><!-- duration: 20ms -->
    </step><!-- duration: 592ms -->
  </step><!-- duration: 42258ms -->
  <step title="Outgoing response" date="2025-07-12T22:27:13.338" type="response" statusCode="202" statusText="Accepted" /><!-- duration: 10ms -->
</step><!-- duration: 42353ms -->
