<step title="Executing external process" date="2025-07-12T20:36:35.667" instance="7c5d95" type="process" path="kudu.exe" arguments="/home/site /opt/Kudu/msbuild" >
  <step title="Cleanup Xml Logs" date="2025-07-12T20:36:35.692" /><!-- duration: 16ms -->
  <step title="Deployment timer started" date="2025-07-12T20:36:35.749" >
    <step title="Executing external process" date="2025-07-12T20:36:35.766" type="process" path="git" arguments="log -n 1 master --" /><!-- duration: 96ms -->
    <step title="DeploymentManager.Deploy(id:38dedb3101df8c4ac5f56527db2dac0ddf89ff12)" date="2025-07-12T20:36:35.870" >
      <step title="Collecting changeset information" date="2025-07-12T20:36:35.892" /><!-- duration: 156ms -->
      <step title="Updating to specific changeset" date="2025-07-12T20:36:36.061" >
        <step title="Executing external process" date="2025-07-12T20:36:37.257" type="process" path="git" arguments="checkout master --force" >
          <step title="Cpu: git(895,3.860s)=total(3.860s)" date="2025-07-12T20:37:37.352" /><!-- duration: 36ms -->
          <step title="git: no io activity for 60s, prev-cpu=-1.000s, current-cpu=3.860s" date="2025-07-12T20:37:37.404" /><!-- duration: 17ms -->
          <step title="Cpu: git(895,6.430s)=total(6.430s)" date="2025-07-12T20:38:37.462" /><!-- duration: 30ms -->
          <step title="git: no io activity for 120s, prev-cpu=3.860s, current-cpu=6.430s" date="2025-07-12T20:38:37.504" /><!-- duration: 15ms -->
          <step title="Cpu: git(895,8.990s)=total(8.990s)" date="2025-07-12T20:39:37.546" /><!-- duration: 19ms -->
          <step title="git: no io activity for 180s, prev-cpu=6.430s, current-cpu=8.990s" date="2025-07-12T20:39:37.575" /><!-- duration: 10ms -->
          <step title="Cpu: git(895,11.430s)=total(11.430s)" date="2025-07-12T20:40:37.614" /><!-- duration: 21ms -->
          <step title="git: no io activity for 240s, prev-cpu=8.990s, current-cpu=11.430s" date="2025-07-12T20:40:37.648" /><!-- duration: 10ms -->
          <step title="Cpu: git(895,14.110s)=total(14.110s)" date="2025-07-12T20:41:37.677" /><!-- duration: 23ms -->
          <step title="git: no io activity for 300s, prev-cpu=11.430s, current-cpu=14.110s" date="2025-07-12T20:41:37.713" /><!-- duration: 10ms -->
          <step title="Cpu: git(895,17.470s)=total(17.470s)" date="2025-07-12T20:42:37.771" /><!-- duration: 27ms -->
          <step title="git: no io activity for 361s, prev-cpu=14.110s, current-cpu=17.470s" date="2025-07-12T20:42:37.811" /><!-- duration: 15ms -->
        </step><!-- duration: 369631ms -->
      </step><!-- duration: 370905ms -->
      <step title="Updating submodules" date="2025-07-12T20:42:46.982" /><!-- duration: 371ms -->
      <step title="Determining deployment builder" date="2025-07-12T20:42:47.651" >
        <step title="Builder is OryxBuilder" date="2025-07-12T20:42:47.681" /><!-- duration: 6ms -->
      </step><!-- duration: 48ms -->
      <step title="PreDeployment: context.CleanOutputPath False" date="2025-07-12T20:42:47.764" >
        <step title="PreDeployment: context.OutputPath /home/site/wwwroot" date="2025-07-12T20:42:47.944" >
          <step title="Building" date="2025-07-12T20:42:48.087" >
            <step title="Executing external process" date="2025-07-12T20:42:48.541" type="process" path="bash" arguments="-c &quot;oryx build /home/site/repository -o /home/site/wwwroot --platform python --platform-version 3.10 -p virtualenv_name=antenv --log-file /tmp/build-debug.log  -i /tmp/8ddc184a9525f44 --compress-destination-dir | tee /tmp/oryx-build.log ; exit $PIPESTATUS &quot;" >
              <step title="Cpu: oryx(1026,3.390s)+tee(1027,0.000s)+bash(1025,0.000s)=total(3.390s)" date="2025-07-12T20:43:50.585" /><!-- duration: 17ms -->
              <step title="bash: no io activity for 60s, prev-cpu=-1.000s, current-cpu=3.390s" date="2025-07-12T20:43:50.616" /><!-- duration: 8ms -->
              <step title="Cpu: oryx(1026,5.190s)+tee(1027,0.000s)+bash(1025,0.000s)=total(5.190s)" date="2025-07-12T20:44:50.652" /><!-- duration: 19ms -->
              <step title="bash: no io activity for 120s, prev-cpu=3.390s, current-cpu=5.190s" date="2025-07-12T20:44:50.692" /><!-- duration: 17ms -->
              <step title="Cpu: oryx(1026,7.610s)+tee(1027,0.000s)+bash(1025,0.000s)=total(7.610s)" date="2025-07-12T20:45:50.738" /><!-- duration: 25ms -->
              <step title="bash: no io activity for 181s, prev-cpu=5.190s, current-cpu=7.610s" date="2025-07-12T20:45:50.774" /><!-- duration: 12ms -->
              <step title="Cpu: oryx(1026,9.380s)+tee(1027,0.000s)+bash(1025,0.000s)=total(9.380s)" date="2025-07-12T20:46:50.814" /><!-- duration: 30ms -->
              <step title="bash: no io activity for 241s, prev-cpu=7.610s, current-cpu=9.380s" date="2025-07-12T20:46:50.856" /><!-- duration: 12ms -->
              <step title="Cpu: rsync(1176,1.100s)+rsync(1175,0.170s)+rsync(1174,3.660s)+build.sh(1170,0.000s)+oryx(1026,11.750s)+tee(1027,0.000s)+bash(1025,0.000s)=total(16.680s)" date="2025-07-12T20:48:38.967" /><!-- duration: 21ms -->
              <step title="bash: no io activity for 61s, prev-cpu=-1.000s, current-cpu=16.680s" date="2025-07-12T20:48:39.009" /><!-- duration: 13ms -->
              <step title="Cpu: rsync(1176,2.030s)+rsync(1175,0.290s)+rsync(1174,7.090s)+build.sh(1170,0.000s)+oryx(1026,11.790s)+tee(1027,0.000s)+bash(1025,0.000s)=total(21.200s)" date="2025-07-12T20:49:39.050" /><!-- duration: 26ms -->
              <step title="bash: no io activity for 121s, prev-cpu=16.680s, current-cpu=21.200s" date="2025-07-12T20:49:39.366" /><!-- duration: 9ms -->
              <step title="Cpu: rsync(1176,2.740s)+rsync(1175,0.360s)+rsync(1174,10.330s)+build.sh(1170,0.000s)+oryx(1026,11.820s)+tee(1027,0.000s)+bash(1025,0.000s)=total(25.250s)" date="2025-07-12T20:50:39.407" /><!-- duration: 12ms -->
              <step title="bash: no io activity for 181s, prev-cpu=21.200s, current-cpu=25.250s" date="2025-07-12T20:50:39.431" /><!-- duration: 14ms -->
              <step title="Cpu: rsync(1176,3.520s)+rsync(1175,0.440s)+rsync(1174,13.780s)+build.sh(1170,0.000s)+oryx(1026,11.870s)+tee(1027,0.000s)+bash(1025,0.000s)=total(29.610s)" date="2025-07-12T20:51:39.473" /><!-- duration: 21ms -->
              <step title="bash: no io activity for 241s, prev-cpu=25.250s, current-cpu=29.610s" date="2025-07-12T20:51:39.506" /><!-- duration: 11ms -->
              <step title="Cpu: rsync(1176,4.720s)+rsync(1175,0.680s)+rsync(1174,17.410s)+build.sh(1170,0.000s)+oryx(1026,12.120s)+tee(1027,0.000s)+bash(1025,0.000s)=total(34.930s)" date="2025-07-12T20:52:39.600" /><!-- duration: 26ms -->
              <step title="bash: no io activity for 302s, prev-cpu=29.610s, current-cpu=34.930s" date="2025-07-12T20:52:39.638" /><!-- duration: 15ms -->
              <step title="Cpu: rsync(1176,5.510s)+rsync(1175,0.820s)+rsync(1174,20.700s)+build.sh(1170,0.000s)+oryx(1026,12.170s)+tee(1027,0.000s)+bash(1025,0.000s)=total(39.200s)" date="2025-07-12T20:53:39.692" /><!-- duration: 17ms -->
              <step title="bash: no io activity for 362s, prev-cpu=34.930s, current-cpu=39.200s" date="2025-07-12T20:53:39.726" /><!-- duration: 14ms -->
              <step title="Cpu: rsync(1176,6.330s)+rsync(1175,0.960s)+rsync(1174,24.130s)+build.sh(1170,0.000s)+oryx(1026,12.240s)+tee(1027,0.000s)+bash(1025,0.000s)=total(43.660s)" date="2025-07-12T20:54:39.778" /><!-- duration: 23ms -->
              <step title="bash: no io activity for 422s, prev-cpu=39.200s, current-cpu=43.660s" date="2025-07-12T20:54:39.819" /><!-- duration: 18ms -->
              <step title="Cpu: python(1571,14.440s)+ts(1572,0.030s)+build.sh(1570,0.000s)+build.sh(1569,0.000s)+build.sh(1170,0.040s)+oryx(1026,12.500s)+tee(1027,0.000s)+bash(1025,0.000s)=total(26.970s)" date="2025-07-12T20:56:58.100" /><!-- duration: 415ms -->
              <step title="bash: no io activity for 61s, prev-cpu=-1.000s, current-cpu=26.970s" date="2025-07-12T20:57:04.833" /><!-- duration: 13ms -->
