<step title="Incoming Request" date="2025-07-12T21:18:06.852" instance="7c5d95" url="/usime-ai.git/info/refs?service=git-receive-pack" method="GET" type="request" pid="770,1,33" Accept="*/*" Host="usime-ai.scm.azurewebsites.net" User-Agent="git/2.43.0" Accept-Encoding="deflate, gzip, br, zstd" Accept-Language="en-US, *;q=0.9" Authorization="Bas..." Pragma="no-cache" X-ARR-LOG-ID="2557a520-105b-4d2e-8e7f-f6f8f2989202" CLIENT-IP="173.24.189.250:46130" X-SITE-DEPLOYMENT-ID="usime-ai" WAS-DEFAULT-HOSTNAME="usime-ai.scm.azurewebsites.net" X-Forwarded-Proto="https" X-AppService-Proto="https" X-Forwarded-TlsVersion="1.3" X-WAWS-Unencoded-URL="/usime-ai.git/info/refs?service=git-receive-pack" X-Client-IP="173.24.189.250" X-Client-Port="46130" >
  <step title="Cleanup Xml Logs" date="2025-07-12T21:18:06.949" /><!-- duration: 33ms -->
  <step title="InfoRefsService.Execute" date="2025-07-12T21:18:06.999" >
    <step title="Executing external process" date="2025-07-12T21:18:07.030" type="process" path="git" arguments="rev-parse --git-dir" /><!-- duration: 99ms -->
    <step title="Assuming git repository at /home/site/repository" date="2025-07-12T21:18:07.138" /><!-- duration: 13ms -->
    <step title="InfoRefsService.SmartInfoRefs" date="2025-07-12T21:18:07.167" >
      <step title="Executing external process" date="2025-07-12T21:18:07.196" type="process" path="git" arguments="rev-parse --git-dir" /><!-- duration: 25ms -->
      <step title="Assuming git repository at /home/site/repository" date="2025-07-12T21:18:07.240" /><!-- duration: 6ms -->
      <step title="GitExeServer.AdvertiseReceivePack" date="2025-07-12T21:18:07.262" >
        <step title="Executing external process" date="2025-07-12T21:18:07.270" type="process" path="git" arguments="receive-pack --stateless-rpc --advertise-refs &quot;/home/site/repository&quot;" /><!-- duration: 147ms -->
      </step><!-- duration: 183ms -->
      <step title="Writing 279 bytes" date="2025-07-12T21:18:07.455" /><!-- duration: 10ms -->
    </step><!-- duration: 307ms -->
  </step><!-- duration: 486ms -->
  <step title="Outgoing response" date="2025-07-12T21:18:07.501" type="response" statusCode="200" statusText="OK" /><!-- duration: 8ms -->
</step><!-- duration: 666ms -->
