<step title="Incoming Request" date="2025-07-12T21:17:57.969" instance="7c5d95" url="/usime-ai.git/info/refs?service=git-receive-pack" method="GET" type="request" pid="770,1,30" Accept="*/*" Host="usime-ai.scm.azurewebsites.net" User-Agent="git/2.43.0" Accept-Encoding="deflate, gzip, br, zstd" Accept-Language="en-US, *;q=0.9" Authorization="Bas..." Pragma="no-cache" X-ARR-LOG-ID="78b40b56-793f-4806-b3ee-8c6e5af95215" CLIENT-IP="173.24.189.250:33688" X-SITE-DEPLOYMENT-ID="usime-ai" WAS-DEFAULT-HOSTNAME="usime-ai.scm.azurewebsites.net" X-Forwarded-Proto="https" X-AppService-Proto="https" X-Forwarded-TlsVersion="1.3" X-WAWS-Unencoded-URL="/usime-ai.git/info/refs?service=git-receive-pack" X-Client-IP="173.24.189.250" X-Client-Port="33688" >
  <step title="Cleanup Xml Logs" date="2025-07-12T21:17:58.023" /><!-- duration: 48ms -->
  <step title="InfoRefsService.Execute" date="2025-07-12T21:17:58.113" >
    <step title="Executing external process" date="2025-07-12T21:17:58.499" type="process" path="git" arguments="rev-parse --git-dir" /><!-- duration: 165ms -->
    <step title="Assuming git repository at /home/site/repository" date="2025-07-12T21:17:58.675" /><!-- duration: 11ms -->
    <step title="InfoRefsService.SmartInfoRefs" date="2025-07-12T21:17:58.706" >
      <step title="Executing external process" date="2025-07-12T21:17:59.499" type="process" path="git" arguments="rev-parse --git-dir" /><!-- duration: 74ms -->
      <step title="Assuming git repository at /home/site/repository" date="2025-07-12T21:17:59.603" /><!-- duration: 8ms -->
      <step title="GitExeServer.AdvertiseReceivePack" date="2025-07-12T21:17:59.635" >
        <step title="Executing external process" date="2025-07-12T21:17:59.646" type="process" path="git" arguments="receive-pack --stateless-rpc --advertise-refs &quot;/home/site/repository&quot;" /><!-- duration: 190ms -->
      </step><!-- duration: 209ms -->
      <step title="Writing 279 bytes" date="2025-07-12T21:17:59.855" /><!-- duration: 8ms -->
    </step><!-- duration: 1173ms -->
  </step><!-- duration: 1782ms -->
  <step title="Outgoing response" date="2025-07-12T21:17:59.907" type="response" statusCode="200" statusText="OK" /><!-- duration: 12ms -->
</step><!-- duration: 1961ms -->
