<step title="Executing external process" date="2025-07-12T22:06:10.716" instance="7c5d95" type="process" path="kudu.exe" arguments="/home/site /opt/Kudu/msbuild" >
  <step title="Cleanup Xml Logs" date="2025-07-12T22:06:10.743" /><!-- duration: 15ms -->
  <step title="Deployment timer started" date="2025-07-12T22:06:10.775" >
    <step title="Executing external process" date="2025-07-12T22:06:10.792" type="process" path="git" arguments="log -n 1 master --" /><!-- duration: 285ms -->
    <step title="DeploymentManager.Deploy(id:fcf75c35f762dc3e89191a36dcc4b096138fb250)" date="2025-07-12T22:06:11.085" >
      <step title="Collecting changeset information" date="2025-07-12T22:06:11.114" /><!-- duration: 146ms -->
      <step title="Updating to specific changeset" date="2025-07-12T22:06:11.269" >
        <step title="Executing external process" date="2025-07-12T22:06:12.413" type="process" path="git" arguments="checkout master --force" /><!-- duration: 1712ms -->
      </step><!-- duration: 2867ms -->
      <step title="Updating submodules" date="2025-07-12T22:06:14.149" /><!-- duration: 362ms -->
      <step title="Determining deployment builder" date="2025-07-12T22:06:14.809" >
        <step title="Builder is CustomGeneratorCommandSiteBuilder" date="2025-07-12T22:06:14.839" /><!-- duration: 5ms -->
      </step><!-- duration: 40ms -->
      <step title="PreDeployment: context.CleanOutputPath False" date="2025-07-12T22:06:14.919" >
        <step title="PreDeployment: context.OutputPath /home/site/wwwroot" date="2025-07-12T22:06:15.047" >
          <step title="Building" date="2025-07-12T22:06:15.191" >
            <step title="Executing external process" date="2025-07-12T22:06:15.499" type="process" path="starter.sh" arguments="/opt/Kudu/KuduConsole/Scripts/parallel_rsync.sh /home/site/repository /home/site/wwwroot 8 /tmp/ False True  " /><!-- duration: 5420ms -->
            <step title="Triggering recycle (preview mode disabled)." date="2025-07-12T22:06:21.227" /><!-- duration: 5ms -->
            <step title="Modified file to trigger a restart of the app container." date="2025-07-12T22:06:21.262" /><!-- duration: 7ms -->
            <step title="Skip function trigger and logicapp sync because function is not enabled." date="2025-07-12T22:06:21.282" /><!-- duration: 5ms -->
          </step><!-- duration: 7029ms -->
        </step><!-- duration: 7190ms -->
        <step title="Cleaning up temp files" date="2025-07-12T22:06:22.242" /><!-- duration: 7ms -->
        <step title="Cleaning up temp files" date="2025-07-12T22:06:22.254" /><!-- duration: 507ms -->
        <step title="Reloading status file with latest updates" date="2025-07-12T22:06:22.800" >
          <step title="WebHooksManager.PublishEventAsync: PostDeployment" date="2025-07-12T22:06:22.807" /><!-- duration: 56ms -->
        </step><!-- duration: 70ms -->
        <step title="Executing external process" date="2025-07-12T22:06:22.897" type="process" path="git" arguments="log -n 1 master --" /><!-- duration: 151ms -->
      </step><!-- duration: 8134ms -->
      <step title="Perform deploy exiting successfully" date="2025-07-12T22:06:23.064" 