<step title="Incoming Request" date="2025-07-12T20:30:39.854" instance="7c5d95" url="/api/zipdeploy?isAsync=true" method="POST" type="request" pid="768,1,21" Accept="*/*" Host="usime-ai.scm.azurewebsites.net" User-Agent="AZURECLI/2.75.0 (DEB)" Accept-Encoding="gzip, deflate" Authorization="Bas..." Cache-Control="no-cache" Content-Type="application/octet-stream" Cookie="ARRAffinity=7c5d95e43cdb2ee7610273b357b1b2a004a2a2cede74f93245733dbaf8c302af; ARRAffinitySameSite=7c5d95e43cdb2ee7610273b357b1b2a004a2a2cede74f93245733dbaf8c302af" Content-Length="173896309" x-ms-client-request-id="e62b30f4-5f5e-11f0-8bf2-40234353321b" x-ms-artifact-checksum="090b1306f0f95f9f2af06b6908686c261955772c1074cdee50dce3b356692e9c" X-ARR-LOG-ID="e62b30f4-5f5e-11f0-8bf2-40234353321b" CLIENT-IP="173.24.189.250:57642" X-SITE-DEPLOYMENT-ID="usime-ai" WAS-DEFAULT-HOSTNAME="usime-ai.scm.azurewebsites.net" X-Forwarded-Proto="https" X-AppService-Proto="https" X-Forwarded-TlsVersion="1.3" X-WAWS-Unencoded-URL="/api/zipdeploy?isAsync=true" X-Client-IP="173.24.189.250" X-Client-Port="57642" >
  <step title="Cleanup Xml Logs" date="2025-07-12T20:30:39.863" /><!-- duration: 31ms -->
  <step title="ZipPushDeploy" date="2025-07-12T20:30:40.992" >
    <step title="ZipDeploy. Extract zip. Remote build." date="2025-07-12T20:30:41.023" /><!-- duration: 13ms -->
    <step title="Starting PushDeployAsync" date="2025-07-12T20:30:41.045" /><!-- duration: 6ms -->
    <step title="Writing artifact to /tmp/zipdeploy/a7581716-d690-43fe-89b3-56d5b33957b2.zip" date="2025-07-12T20:30:41.166" >
      <step title="Writing multipart request body to /tmp/zipdeploy/a7581716-d690-43fe-89b3-56d5b33957b2.zip" date="2025-07-12T20:30:41.173" /><!-- duration: 9ms -->
      <step title="Error occurred" date="2025-07-12T20:31:37.978" type="error" text="Exception in copying zip file to temp path. Exception: Microsoft.AspNetCore.Server.Kestrel.Core.BadHttpRequestException: Unexpected end of request content.
   at Microsoft.AspNetCore.Server.Kestrel.Core.Internal.Http.Http1ContentLengthMessageBody.ReadAsyncInternal(CancellationToken cancellationToken)
   at System.Runtime.CompilerServices.PoolingAsyncValueTaskMethodBuilder`1.StateMachineBox`1.System.Threading.Tasks.Sources.IValueTaskSource&lt;TResult&gt;.GetResult(Int16 token)
   at System.IO.Pipelines.PipeReader.CopyToAsyncCore[TStream](TStream destination, Func`4 writeAsync, CancellationToken cancellationToken)
   at Kudu.Services.Deployment.PushDeploymentController.CopyZipFromRequestBody(String artifactTempPath, ITracer tracer) in /tmp/KuduLite/Kudu.Services/Deployment/PushDeploymentController.cs:line 1473: Unexpected end of request content." stackTrace="   at Microsoft.AspNetCore.Server.Kestrel.Core.Internal.Http.Http1ContentLengthMessageBody.ReadAsyncInternal(CancellationToken cancellationToken)
   at System.Runtime.CompilerServices.PoolingAsyncValueTaskMethodBuilder`1.StateMachineBox`1.System.Threading.Tasks.Sources.IValueTaskSource&lt;TResult&gt;.GetResult(Int16 token)
   at System.IO.Pipelines.PipeReader.CopyToAsyncCore[TStream](TStream destination, Func`4 writeAsync, CancellationToken cancellationToken)
   at Kudu.Services.Deployment.PushDeploymentController.CopyZipFromRequestBody(String artifactTempPath, ITracer tracer) in /tmp/KuduLite/Kudu.Services/Deployment/PushDeploymentController.cs:line 1473" /><!-- duration: 498ms -->
    </step><!-- duration: 60608ms -->
    <step title="Error occurred" date="2025-07-12T20:31:41.800" type="error" text="Request was Aborted. Deployment was cancelled" /><!-- duration: 6ms -->
  </step><!-- duration: 60852ms -->
  <step title="Outgoing response" date="2025-07-12T20:31:41.986" type="response" statusCode="499" statusText="499" /><!-- duration: 6ms -->
</step><!-- duration: 62148ms -->
