<step title="Executing external process" date="2025-07-12T21:26:32.812" instance="7c5d95" type="process" path="kudu.exe" arguments="/home/site /opt/Kudu/msbuild" >
  <step title="Cleanup Xml Logs" date="2025-07-12T21:26:32.839" /><!-- duration: 15ms -->
  <step title="Deployment timer started" date="2025-07-12T21:26:32.869" >
    <step title="Executing external process" date="2025-07-12T21:26:32.888" type="process" path="git" arguments="log -n 1 master --" /><!-- duration: 95ms -->
    <step title="DeploymentManager.Deploy(id:14bad169d4a9df32f265ad75a4aec05efa22ce8a)" date="2025-07-12T21:26:32.994" >
      <step title="Collecting changeset information" date="2025-07-12T21:26:33.019" /><!-- duration: 162ms -->
      <step title="Updating to specific changeset" date="2025-07-12T21:26:33.191" >
        <step title="Executing external process" date="2025-07-12T21:26:34.381" type="process" path="git" arguments="checkout master --force" /><!-- duration: 2191ms -->
      </step><!-- duration: 3400ms -->
      <step title="Updating submodules" date="2025-07-12T21:26:36.612" /><!-- duration: 200ms -->
      <step title="Determining deployment builder" date="2025-07-12T21:26:37.521" >
        <step title="Builder is CustomGeneratorCommandSiteBuilder" date="2025-07-12T21:26:37.534" /><!-- duration: 5ms -->
      </step><!-- duration: 23ms -->
      <step title="PreDeployment: context.CleanOutputPath False" date="2025-07-12T21:26:37.609" >
        <step title="PreDeployment: context.OutputPath /home/site/wwwroot" date="2025-07-12T21:26:37.775" >
          <step title="Building" date="2025-07-12T21:26:37.930" >
            <step title="Executing external process" date="2025-07-12T21:26:38.281" type="process" path="starter.sh" arguments="/opt/Kudu/KuduConsole/Scripts/parallel_rsync.sh /home/site/repository /home/site/wwwroot 8 /tmp/ False True  " /><!-- duration: 6530ms -->
            <step title="Triggering recycle (preview mode disabled)." date="2025-07-12T21:26:45.137" /><!-- duration: 8ms -->
            <step title="Modified file to trigger a restart of the app container." date="2025-07-12T21:26:45.198" /><!-- duration: 8ms -->
            <step title="Skip function trigger and logicapp sync because function is not enabled." date="2025-07-12T21:26:45.223" /><!-- duration: 6ms -->
          </step><!-- duration: 8140ms -->
        </step><!-- duration: 8310ms -->
        <step title="Cleaning up temp files" date="2025-07-12T21:26:46.090" /><!-- duration: 8ms -->
        <step title="Cleaning up temp files" date="2025-07-12T21:26:46.106" /><!-- duration: 512ms -->
        <step title="Reloading status file with latest updates" date="2025-07-12T21:26:46.651" >
          <step title="WebHooksManager.PublishEventAsync: PostDeployment" date="2025-07-12T21:26:46.658" /><!-- duration: 297ms -->
        </step><!-- duration: 310ms -->
        <step title="Executing external process" date="2025-07-12T21:26:47.031" type="process" path="git" arguments="log -n 1 master --" /><!-- duration: 141ms -->
      </step><!-- duration: 9571ms -->
      <step title="Perform deploy exiting successfully" date="2025-07-12T21:26:47.185" 