<step title="Incoming Request" date="2025-07-12T21:50:50.711" instance="7c5d95" url="/usime-ai.git/git-receive-pack" method="POST" type="request" pid="767,1,16" Accept="application/x-git-receive-pack-result" Host="usime-ai.scm.azurewebsites.net" User-Agent="git/2.43.0" Accept-Encoding="deflate, gzip, br, zstd" Accept-Language="en-US, *;q=0.9" Authorization="Bas..." Content-Type="application/x-git-receive-pack-request" Content-Length="584" X-ARR-LOG-ID="4ccc717f-eb8b-4b5d-b0c0-466bdb65ebfc" CLIENT-IP="173.24.189.250:52106" X-SITE-DEPLOYMENT-ID="usime-ai" WAS-DEFAULT-HOSTNAME="usime-ai.scm.azurewebsites.net" X-Forwarded-Proto="https" X-AppService-Proto="https" X-Forwarded-TlsVersion="1.3" X-WAWS-Unencoded-URL="/usime-ai.git/git-receive-pack" X-Client-IP="173.24.189.250" X-Client-Port="52106" >
  <step title="RpcService.ReceivePack" date="2025-07-12T21:50:50.759" >
    <step title="Executing external process" date="2025-07-12T21:50:50.773" type="process" path="git" arguments="rev-parse --git-dir" /><!-- duration: 16ms -->
    <step title="Assuming git repository at /home/site/repository" date="2025-07-12T21:50:50.796" /><!-- duration: 5ms -->
    <step title="Acquiring Deployment Lock" date="2025-07-12T21:50:50.815" /><!-- duration: 6ms -->
    <step title="Acquired Deployment Lock" date="2025-07-12T21:50:50.909" /><!-- duration: 6ms -->
    <step title="Creating temporary deployment" date="2025-07-12T21:50:50.921" /><!-- duration: 136ms -->
    <step title="GitExeServer.Receive" date="2025-07-12T21:50:51.066" >
      <step title="Executing external process" date="2025-07-12T21:50:51.073" type="process" path="git" arguments="receive-pack --stateless-rpc &quot;/home/site/repository&quot;" /><!-- duration: 15873ms -->
    </step><!-- duration: 15887ms -->
    <step title="Releasing Deployment Lock" date="2025-07-12T21:51:07.043" /><!-- duration: 5ms -->
  </step><!-- duration: 16305ms -->
  <step title="Outgoing response" date="2025-07-12T21:51:07.086" type="response" statusCode="200" statusText="OK" /><!-- duration: 5ms -->
</step><!-- duration: 16385ms -->
