<step title="Incoming Request" date="2025-07-12T21:10:42.304" instance="7c5d95" url="/usime-ai.git/git-receive-pack" method="POST" type="request" pid="770,1,14" Accept="application/x-git-receive-pack-result" Host="usime-ai.scm.azurewebsites.net" User-Agent="git/2.43.0" Accept-Encoding="deflate, gzip, br, zstd" Accept-Language="en-US, *;q=0.9" Authorization="Bas..." Content-Type="application/x-git-receive-pack-request" Transfer-Encoding="chunked" X-ARR-LOG-ID="0e9ed098-cf7d-4997-b563-2423881e7301" CLIENT-IP="173.24.189.250:36794" X-SITE-DEPLOYMENT-ID="usime-ai" WAS-DEFAULT-HOSTNAME="usime-ai.scm.azurewebsites.net" X-Forwarded-Proto="https" X-AppService-Proto="https" X-Forwarded-TlsVersion="1.3" X-WAWS-Unencoded-URL="/usime-ai.git/git-receive-pack" X-Client-IP="173.24.189.250" X-Client-Port="36794" >
  <step title="RpcService.ReceivePack" date="2025-07-12T21:10:42.376" >
    <step title="Executing external process" date="2025-07-12T21:10:42.410" type="process" path="git" arguments="rev-parse --git-dir" /><!-- duration: 67ms -->
    <step title="Assuming git repository at /home/site/repository" date="2025-07-12T21:10:42.495" /><!-- duration: 44ms -->
    <step title="Acquiring Deployment Lock" date="2025-07-12T21:10:42.565" /><!-- duration: 10ms -->
    <step title="Acquired Deployment Lock" date="2025-07-12T21:10:42.746" /><!-- duration: 10ms -->
    <step title="Creating temporary deployment" date="2025-07-12T21:10:42.780" /><!-- duration: 137ms -->
    <step title="GitExeServer.Receive" date="2025-07-12T21:10:42.929" >
      <step title="Executing external process" date="2025-07-12T21:10:42.942" type="process" path="git" arguments="receive-pack --stateless-rpc &quot;/home/site/repository&quot;" /><!-- duration: 920703ms -->
    </step><!-- duration: 920727ms -->
    <step title="Releasing Deployment Lock" date="2025-07-12T21:26:03.703" /><!-- duration: 6ms -->
  </step><!-- duration: 921356ms -->
  <step title="Outgoing response" date="2025-07-12T21:26:03.753" type="response" statusCode="200" statusText="OK" /><!-- duration: 6ms -->
</step><!-- duration: 921463ms -->
