<step title="Incoming Request" date="2025-07-12T21:59:06.736" instance="7c5d95" url="/usime-ai.git/git-receive-pack" method="POST" type="request" pid="767,1,20" Accept="application/x-git-receive-pack-result" Host="usime-ai.scm.azurewebsites.net" User-Agent="git/2.43.0" Accept-Encoding="deflate, gzip, br, zstd" Accept-Language="en-US, *;q=0.9" Authorization="Bas..." Content-Type="application/x-git-receive-pack-request" Content-Length="539" X-ARR-LOG-ID="07822573-7171-4154-ba24-4a71b8ac177c" CLIENT-IP="173.24.189.250:55930" X-SITE-DEPLOYMENT-ID="usime-ai" WAS-DEFAULT-HOSTNAME="usime-ai.scm.azurewebsites.net" X-Forwarded-Proto="https" X-AppService-Proto="https" X-Forwarded-TlsVersion="1.3" X-WAWS-Unencoded-URL="/usime-ai.git/git-receive-pack" X-Client-IP="173.24.189.250" X-Client-Port="55930" >
  <step title="RpcService.ReceivePack" date="2025-07-12T21:59:06.766" >
    <step title="Executing external process" date="2025-07-12T21:59:06.777" type="process" path="git" arguments="rev-parse --git-dir" /><!-- duration: 14ms -->
    <step title="Assuming git repository at /home/site/repository" date="2025-07-12T21:59:06.796" /><!-- duration: 6ms -->
    <step title="Acquiring Deployment Lock" date="2025-07-12T21:59:06.816" /><!-- duration: 10ms -->
    <step title="Acquired Deployment Lock" date="2025-07-12T21:59:06.879" /><!-- duration: 5ms -->
    <step title="Creating temporary deployment" date="2025-07-12T21:59:06.890" /><!-- duration: 107ms -->
    <step title="GitExeServer.Receive" date="2025-07-12T21:59:07.004" >
      <step title="Executing external process" date="2025-07-12T21:59:07.011" type="process" path="git" arguments="receive-pack --stateless-rpc &quot;/home/site/repository&quot;" /><!-- duration: 15506ms -->
    </step><!-- duration: 15519ms -->
    <step title="Releasing Deployment Lock" date="2025-07-12T21:59:22.647" /><!-- duration: 10ms -->
  </step><!-- duration: 15911ms -->
  <step title="Outgoing response" date="2025-07-12T21:59:22.692" type="response" statusCode="200" statusText="OK" /><!-- duration: 5ms -->
</step><!-- duration: 15969ms -->
