<step title="Incoming Request" date="2025-07-12T22:15:49.870" instance="7c5d95" url="/usime-ai.git/git-receive-pack" method="POST" type="request" pid="768,1,41" Accept="application/x-git-receive-pack-result" Host="usime-ai.scm.azurewebsites.net" User-Agent="git/2.43.0" Accept-Encoding="deflate, gzip, br, zstd" Accept-Language="en-US, *;q=0.9" Authorization="Bas..." Content-Type="application/x-git-receive-pack-request" Content-Length="205" X-ARR-LOG-ID="544d7d08-d20e-48ab-a7bc-6be022d483cc" CLIENT-IP="173.24.189.250:47704" X-SITE-DEPLOYMENT-ID="usime-ai" WAS-DEFAULT-HOSTNAME="usime-ai.scm.azurewebsites.net" X-Forwarded-Proto="https" X-AppService-Proto="https" X-Forwarded-TlsVersion="1.3" X-WAWS-Unencoded-URL="/usime-ai.git/git-receive-pack" X-Client-IP="173.24.189.250" X-Client-Port="47704" >
  <step title="RpcService.ReceivePack" date="2025-07-12T22:15:49.900" >
    <step title="Executing external process" date="2025-07-12T22:15:49.911" type="process" path="git" arguments="rev-parse --git-dir" /><!-- duration: 15ms -->
    <step title="Assuming git repository at /home/site/repository" date="2025-07-12T22:15:49.931" /><!-- duration: 5ms -->
    <step title="Acquiring Deployment Lock" date="2025-07-12T22:15:49.944" /><!-- duration: 5ms -->
    <step title="Acquired Deployment Lock" date="2025-07-12T22:15:49.996" /><!-- duration: 5ms -->
    <step title="Creating temporary deployment" date="2025-07-12T22:15:50.007" /><!-- duration: 58ms -->
    <step title="GitExeServer.Receive" date="2025-07-12T22:15:50.075" >
      <step title="Executing external process" date="2025-07-12T22:15:50.080" type="process" path="git" arguments="receive-pack --stateless-rpc &quot;/home/site/repository&quot;" /><!-- duration: 16680ms -->
    </step><!-- duration: 16691ms -->
    <step title="Releasing Deployment Lock" date="2025-07-12T22:16:06.851" /><!-- duration: 10ms -->
  </step><!-- duration: 16986ms -->
  <step title="Outgoing response" date="2025-07-12T22:16:06.902" type="response" statusCode="200" statusText="OK" /><!-- duration: 9ms -->
</step><!-- duration: 17046ms -->
