<step title="Incoming Request" date="2025-07-12T19:19:26.322" instance="7c5d95" url="/api/zipdeploy?isAsync=true" method="POST" type="request" pid="768,1,15" Accept="*/*" Host="usime-ai.scm.azurewebsites.net" User-Agent="AZURECLI/2.75.0 (DEB)" Accept-Encoding="gzip, deflate" Authorization="Bas..." Cache-Control="no-cache" Content-Type="application/octet-stream" Content-Length="173896905" x-ms-client-request-id="c1618fac-5f54-11f0-8bf2-40234353321b" x-ms-artifact-checksum="d84575cd949a84ab94be8ca82d04d753ac6cbcdfb5ef524ab213240aee6a6ea7" X-ARR-LOG-ID="c1618fac-5f54-11f0-8bf2-40234353321b" CLIENT-IP="204.8.38.243:38436" X-SITE-DEPLOYMENT-ID="usime-ai" WAS-DEFAULT-HOSTNAME="usime-ai.scm.azurewebsites.net" X-Forwarded-Proto="https" X-AppService-Proto="https" X-Forwarded-TlsVersion="1.3" X-WAWS-Unencoded-URL="/api/zipdeploy?isAsync=true" X-Client-IP="204.8.38.243" X-Client-Port="38436" >
  <step title="ZipPushDeploy" date="2025-07-12T19:19:26.506" >
    <step title="ZipDeploy. Extract zip. Remote build." date="2025-07-12T19:19:26.521" /><!-- duration: 5ms -->
    <step title="None repository commit" date="2025-07-12T19:19:26.537" >
      <step title="Commit id: 014f70d2-63e0-42a6-bf4d-61430d606c2d" date="2025-07-12T19:19:26.542" Message="N/A" AuthorName="N/A" AuthorEmail="N/A" /><!-- duration: 5ms -->
    </step><!-- duration: 15ms -->
    <step title="Starting PushDeployAsync" date="2025-07-12T19:19:26.557" /><!-- duration: 5ms -->
    <step title="Writing artifact to /tmp/zipdeploy/69cb3dc6-cbd2-459e-a530-af081abe858a.zip" date="2025-07-12T19:19:26.583" >
      <step title="Writing multipart request body to /tmp/zipdeploy/69cb3dc6-cbd2-459e-a530-af081abe858a.zip" date="2025-07-12T19:19:26.589" /><!-- duration: 6ms -->
      <step title="Error occurred" date="2025-07-12T19:24:18.666" type="error" text="Exception in copying zip file to temp path. Exception: Microsoft.AspNetCore.Server.Kestrel.Core.BadHttpRequestException: Unexpected end of request content.
   at Microsoft.AspNetCore.Server.Kestrel.Core.Internal.Http.Http1ContentLengthMessageBody.ReadAsyncInternal(CancellationToken cancellationToken)
   at System.Runtime.CompilerServices.PoolingAsyncValueTaskMethodBuilder`1.StateMachineBox`1.System.Threading.Tasks.Sources.IValueTaskSource&lt;TResult&gt;.GetResult(Int16 token)
   at System.IO.Pipelines.PipeReader.CopyToAsyncCore[TStream](TStream destination, Func`4 writeAsync, CancellationToken cancellationToken)
   at Kudu.Services.Deployment.PushDeploymentController.CopyZipFromRequestBody(String artifactTempPath, ITracer tracer) in /tmp/KuduLite/Kudu.Services/Deployment/PushDeploymentController.cs:line 1473: Unexpected end of request content." stackTrace="   at Microsoft.AspNetCore.Server.Kestrel.Core.Internal.Http.Http1ContentLengthMessageBody.ReadAsyncInternal(CancellationToken cancellationToken)
   at System.Runtime.CompilerServices.PoolingAsyncValueTaskMethodBuilder`1.StateMachineBox`1.System.Threading.Tasks.Sources.IValueTaskSource&lt;TResult&gt;.GetResult(Int16 token)
   at System.IO.Pipelines.PipeReader.CopyToAsyncCore[TStream](TStream destination, Func`4 writeAsync, CancellationToken cancellationToken)
   at Kudu.Services.Deployment.PushDeploymentController.CopyZipFromRequestBody(String artifactTempPath, ITracer tracer) in /tmp/KuduLite/Kudu.Services/Deployment/PushDeploymentController.cs:line 1473" /><!-- duration: 16ms -->
    </step><!-- duration: 292463ms -->
    <step title="Error occurred" date="2025-07-12T19:24:19.062" type="error" text="Request was Aborted. Deployment was cancelled" /><!-- duration: 5ms -->
  </step><!-- duration: 292575ms -->
  <step title="Outgoing response" date="2025-07-12T19:24:19.141" type="response" statusCode="499" statusText="499" /><!-- duration: 5ms -->
</step><!-- duration: 292834ms -->
