﻿<?xml version="1.0" encoding="utf-8"?>
<deployment>
  <id>f6d52aea-fddc-4c1a-8d69-9ef38ef7db73</id>
  <author>N/A</author>
  <deployer>OneDeploy</deployer>
  <authorEmail>N/A</authorEmail>
  <message>OneDeploy</message>
  <progress></progress>
  <status>Success</status>
  <statusText></statusText>
  <lastSuccessEndTime>2025-07-12T21:19:55.7943655Z</lastSuccessEndTime>
  <receivedTime>2025-07-12T21:07:29.6039808Z</receivedTime>
  <startTime>2025-07-12T21:07:31.0503176Z</startTime>
  <endTime>2025-07-12T21:19:55.7943655Z</endTime>
  <complete>True</complete>
  <is_temp>False</is_temp>
  <is_readonly>True</is_readonly>
  <buildSummary />
</deployment>