<step title="Incoming Request" date="2025-07-12T20:28:10.136" instance="7c5d95" url="/api/zipdeploy?isAsync=true" method="POST" type="request" pid="768,1,19" Accept="*/*" Host="usime-ai.scm.azurewebsites.net" User-Agent="AZURECLI/2.75.0 (DEB)" Accept-Encoding="gzip, deflate" Authorization="Bas..." Cache-Control="no-cache" Content-Type="application/octet-stream" Cookie="ARRAffinity=7c5d95e43cdb2ee7610273b357b1b2a004a2a2cede74f93245733dbaf8c302af; ARRAffinitySameSite=7c5d95e43cdb2ee7610273b357b1b2a004a2a2cede74f93245733dbaf8c302af" Content-Length="173897360" x-ms-client-request-id="9cd0d1ca-5f5e-11f0-8bf2-40234353321b" x-ms-artifact-checksum="c8a33e3ec6b5730c4a8ab64a77367ca5a565dc3db581f822fba99b950da9427d" X-ARR-LOG-ID="9cd0d1ca-5f5e-11f0-8bf2-40234353321b" CLIENT-IP="173.24.189.250:58844" X-SITE-DEPLOYMENT-ID="usime-ai" WAS-DEFAULT-HOSTNAME="usime-ai.scm.azurewebsites.net" X-Forwarded-Proto="https" X-AppService-Proto="https" X-Forwarded-TlsVersion="1.3" X-WAWS-Unencoded-URL="/api/zipdeploy?isAsync=true" X-Client-IP="173.24.189.250" X-Client-Port="58844" >
  <step title="ZipPushDeploy" date="2025-07-12T20:28:10.161" >
    <step title="ZipDeploy. Extract zip. Remote build." date="2025-07-12T20:28:10.175" /><!-- duration: 5ms -->
    <step title="None repository commit" date="2025-07-12T20:28:10.193" >
      <step title="Commit id: ca35ddab-984d-481b-92ba-f596af14b780" date="2025-07-12T20:28:10.197" Message="N/A" AuthorName="N/A" AuthorEmail="N/A" /><!-- duration: 7ms -->
    </step><!-- duration: 18ms -->
    <step title="Starting PushDeployAsync" date="2025-07-12T20:28:10.221" /><!-- duration: 7ms -->
    <step title="Writing artifact to /tmp/zipdeploy/d8ee368d-d474-43e6-8ead-604b8d220b4f.zip" date="2025-07-12T20:28:10.255" >
      <step title="Writing multipart request body to /tmp/zipdeploy/d8ee368d-d474-43e6-8ead-604b8d220b4f.zip" date="2025-07-12T20:28:10.268" /><!-- duration: 6ms -->
    </step><!-- duration: 39949ms -->
    <step title="Start deployment in the background" date="2025-07-12T20:28:50.288" >
      <step title="Acquiring Deployment Lock" date="2025-07-12T20:28:50.346" /><!-- duration: 8ms -->
      <step title="Acquired Deployment Lock" date="2025-07-12T20:28:50.433" /><!-- duration: 11ms -->
    </step><!-- duration: 299ms -->
  </step><!-- duration: 40451ms -->
  <step title="Outgoing response" date="2025-07-12T20:28:50.639" type="response" statusCode="202" statusText="Accepted" /><!-- duration: 11ms -->
</step><!-- duration: 40521ms -->
