<step title="BackgroundTrace" date="2025-07-12T20:01:51.015" instance="7c5d95" url="/api/zipdeploy" method="POST" >
  <step title="Cleanup Xml Logs" date="2025-07-12T20:01:51.021" /><!-- duration: 12ms -->
  <step title="Creating temporary deployment - FetchDeploymentManager" date="2025-07-12T20:01:51.206" /><!-- duration: 5ms -->
  <step title="Creating temporary deployment" date="2025-07-12T20:01:51.218" /><!-- duration: 89ms -->
  <step title="Performing fetch based deployment" date="2025-07-12T20:01:51.388" >
    <step title="Cleaning up temp folders from previous zip deployments and extracting pushed zip file /tmp/zipdeploy/f3c212e6-69cb-4a26-99b9-0d9f9e60f6eb.zip (165.84 MB) to /tmp/zipdeploy/extracted" date="2025-07-12T20:01:52.606" >
      <step title="ChmodRecursive Process exited with total time taken in ms: 549" date="2025-07-12T20:02:40.240" /><!-- duration: 33ms -->
    </step><!-- duration: 47690ms -->
    <step title="Deployment timer started" date="2025-07-12T20:02:42.333" >
      <step title="DeploymentManager.Deploy(id:5f01c296-1ded-474d-8222-d9d9fccb2693)" date="2025-07-12T20:02:42.346" >
        <step title="Collecting changeset information" date="2025-07-12T20:02:42.373" /><!-- duration: 115ms -->
        <step title="Updating submodules" date="2025-07-12T20:02:42.503" /><!-- duration: 1151ms -->
        <step title="Determining deployment builder" date="2025-07-12T20:02:43.964" >
          <step title="Builder is OryxBuilder" date="2025-07-12T20:02:43.995" /><!-- duration: 6ms -->
        </step><!-- duration: 44ms -->
        <step title="PreDeployment: context.CleanOutputPath False" date="2025-07-12T20:02:44.056" >
          <step title="PreDeployment: context.OutputPath /home/site/wwwroot" date="2025-07-12T20:02:44.176" >
            <step title="Building" date="2025-07-12T20:02:44.396" >
              <step title="Executing external process" date="2025-07-12T20:02:44.787" type="process" path="bash" arguments="-c &quot;oryx build /tmp/zipdeploy/extracted -o /home/site/wwwroot --platform python --platform-version 3.10 -p virtualenv_name=antenv --log-file /tmp/build-debug.log  -i /tmp/8ddc17f109c1aa0 --compress-destination-dir | tee /tmp/oryx-build.log ; exit $PIPESTATUS &quot;" >
                <step title="Cpu: python(1029,19.440s)+ts(1030,0.040s)+build.sh(1028,0.000s)+build.sh(1027,0.000s)+build.sh(861,0.030s)+oryx(838,5.330s)+tee(839,0.000s)+bash(837,0.000s)=total(24.840s)" date="2025-07-12T20:05:02.885" /><!-- duration: 132ms -->
                <step title="bash: no io activity for 60s, prev-cpu=-1.000s, current-cpu=24.840s" date="2025-07-12T20:05:03.336" /><!-- duration: 10ms -->
                <step title="Cpu: python(1029,45.800s)+ts(1030,0.050s)+build.sh(1028,0.000s)+build.sh(1027,0.000s)+build.sh(861,0.030s)+oryx(838,5.350s)+tee(839,0.000s)+bash(837,0.000s)=total(51.210s)" date="2025-07-12T20:06:04.955" /><!-- duration: 25ms -->
                <step title="bash: no io activity for 121s, prev-cpu=24.840s, current-cpu=51.210s" date="2025-07-12T20:06:05.015" /><!-- duration: 67ms -->
                <step title="Cpu: python(1029,75.810s)+ts(1030,0.060s)+build.sh(1028,0.000s)+build.sh(1027,0.000s)+build.sh(861,0.030s)+oryx(838,5.380s)+tee(839,0.000s)+bash(837,0.000s)=total(81.280s)" date="2025-07-12T20:07:06.006" /><!-- duration: 33ms -->
                <step title="bash: no io activity for 183s, prev-cpu=51.210s, current-cpu=81.280s" date="2025-07-12T20:07:06.063" /><!-- duration: 13ms -->
                <step title="Cpu: python(1029,103.550s)+ts(1030,0.060s)+build.sh(1028,0.000s)+build.sh(1027,0.000s)+build.sh(861,0.030s)+oryx(838,5.420s)+tee(839,0.000s)+bash(837,0.000s)=total(109.060s)" date="2025-07-12T20:08:06.558" /><!-- duration: 26ms -->
                <step title="bash: no io activity for 244s, prev-cpu=81.280s, current-cpu=109.060s" date="2025-07-12T20:08:06.743" /><!-- duration: 13ms -->
                <step title="Cpu: rsync(1210,7.920s)+rsync(1208,0.160s)+rsync(1207,7.480s)+build.sh(861,0.040s)+oryx(838,5.880s)+tee(839,0.000s)+bash(837,0.000s)=total(21.480s)" date="2025-07-12T20:10:10.899" /><!-- duration: 389ms -->
                <step title="bash: no io activity for 61s, prev-cpu=-1.000s, current-cpu=21.480s" date="2025-07-12T20:10:11.898" /><!-- duration: 13ms -->
