<step title="Incoming Request" date="2025-07-12T20:53:30.463" instance="7c5d95" url="/usime-ai.git/info/refs?service=git-receive-pack" method="GET" type="request" pid="768,1,7" Accept="*/*" Host="usime-ai.scm.azurewebsites.net" User-Agent="git/2.43.0" Accept-Encoding="deflate, gzip, br, zstd" Accept-Language="en-US, *;q=0.9" Authorization="Bas..." Pragma="no-cache" X-ARR-LOG-ID="8d40bfdc-7655-4bca-87bb-ef8653d82714" CLIENT-IP="173.24.189.250:37612" X-SITE-DEPLOYMENT-ID="usime-ai" WAS-DEFAULT-HOSTNAME="usime-ai.scm.azurewebsites.net" X-Forwarded-Proto="https" X-AppService-Proto="https" X-Forwarded-TlsVersion="1.3" X-WAWS-Unencoded-URL="/usime-ai.git/info/refs?service=git-receive-pack" X-Client-IP="173.24.189.250" X-Client-Port="37612" >
  <step title="Cleanup Xml Logs" date="2025-07-12T20:53:30.482" /><!-- duration: 48ms -->
  <step title="InfoRefsService.Execute" date="2025-07-12T20:53:30.551" >
    <step title="Executing external process" date="2025-07-12T20:53:30.582" type="process" path="git" arguments="rev-parse --git-dir" /><!-- duration: 72ms -->
    <step title="Assuming git repository at /home/site/repository" date="2025-07-12T20:53:30.667" /><!-- duration: 12ms -->
    <step title="InfoRefsService.SmartInfoRefs" date="2025-07-12T20:53:30.697" >
      <step title="Executing external process" date="2025-07-12T20:53:30.734" type="process" path="git" arguments="rev-parse --git-dir" /><!-- duration: 28ms -->
      <step title="Assuming git repository at /home/site/repository" date="2025-07-12T20:53:30.773" /><!-- duration: 9ms -->
      <step title="GitExeServer.AdvertiseReceivePack" date="2025-07-12T20:53:30.801" >
        <step title="Executing external process" date="2025-07-12T20:53:30.811" type="process" path="git" arguments="receive-pack --stateless-rpc --advertise-refs &quot;/home/site/repository&quot;" /><!-- duration: 131ms -->
      </step><!-- duration: 164ms -->
      <step title="Writing 279 bytes" date="2025-07-12T20:53:30.976" /><!-- duration: 14ms -->
    </step><!-- duration: 304ms -->
  </step><!-- duration: 467ms -->
  <step title="Outgoing response" date="2025-07-12T20:53:31.030" type="response" statusCode="200" statusText="OK" /><!-- duration: 8ms -->
</step><!-- duration: 585ms -->
