<step title="Incoming Request" date="2025-07-12T20:36:34.529" instance="7c5d95" url="/usime-ai.git/info/refs?service=git-receive-pack" method="GET" type="request" pid="768,1,20" Accept="*/*" Host="usime-ai.scm.azurewebsites.net" User-Agent="git/2.43.0" Accept-Encoding="deflate, gzip, br, zstd" Accept-Language="en-US, *;q=0.9" Authorization="Bas..." Pragma="no-cache" X-ARR-LOG-ID="b6782f58-c60e-4989-96a9-15fb33727920" CLIENT-IP="173.24.189.250:56888" X-SITE-DEPLOYMENT-ID="usime-ai" WAS-DEFAULT-HOSTNAME="usime-ai.scm.azurewebsites.net" X-Forwarded-Proto="https" X-AppService-Proto="https" X-Forwarded-TlsVersion="1.3" X-WAWS-Unencoded-URL="/usime-ai.git/info/refs?service=git-receive-pack" X-Client-IP="173.24.189.250" X-Client-Port="56888" >
  <step title="Cleanup Xml Logs" date="2025-07-12T20:36:34.535" /><!-- duration: 13ms -->
  <step title="InfoRefsService.Execute" date="2025-07-12T20:36:34.561" >
    <step title="Executing external process" date="2025-07-12T20:36:34.580" type="process" path="git" arguments="rev-parse --git-dir" /><!-- duration: 34ms -->
    <step title="Assuming git repository at /home/site/repository" date="2025-07-12T20:36:34.619" /><!-- duration: 6ms -->
    <step title="InfoRefsService.SmartInfoRefs" date="2025-07-12T20:36:34.637" >
      <step title="Executing external process" date="2025-07-12T20:36:34.651" type="process" path="git" arguments="rev-parse --git-dir" /><!-- duration: 12ms -->
      <step title="Assuming git repository at /home/site/repository" date="2025-07-12T20:36:34.669" /><!-- duration: 5ms -->
      <step title="GitExeServer.AdvertiseReceivePack" date="2025-07-12T20:36:34.684" >
        <step title="Executing external process" date="2025-07-12T20:36:34.690" type="process" path="git" arguments="receive-pack --stateless-rpc --advertise-refs &quot;/home/site/repository&quot;" /><!-- duration: 81ms -->
      </step><!-- duration: 93ms -->
      <step title="Writing 216 bytes" date="2025-07-12T20:36:34.783" /><!-- duration: 7ms -->
    </step><!-- duration: 158ms -->
  </step><!-- duration: 240ms -->
  <step title="Outgoing response" date="2025-07-12T20:36:34.806" type="response" statusCode="200" statusText="OK" /><!-- duration: 5ms -->
</step><!-- duration: 288ms -->
