﻿<?xml version="1.0" encoding="utf-8"?>
<deployment>
  <id>f0704310-3993-442f-9dce-ae82b0205ace</id>
  <author>N/A</author>
  <deployer>Push-Deployer</deployer>
  <authorEmail>N/A</authorEmail>
  <message>Created via a push deployment</message>
  <progress>Running deployment command...</progress>
  <status>Building</status>
  <statusText>Building and Deploying 'f0704310-3993-442f-9dce-ae82b0205ace'.</statusText>
  <lastSuccessEndTime />
  <receivedTime>2025-07-12T23:09:05.2938215Z</receivedTime>
  <startTime>2025-07-12T23:09:07.5011734Z</startTime>
  <endTime />
  <complete>False</complete>
  <is_temp>False</is_temp>
  <is_readonly>True</is_readonly>
  <buildSummary />
</deployment>